id,source,zh,kind,category,variants,forbidden,context,note,authority,status
001bb779,レベル,等级,proper-noun,in-text-marker,,,游戏用 {} 标出的术语，128 次,,本项目,agreed
00922c67,ポイントピクチャーズ,Point Pictures,proper-noun,in-text-marker,,,游戏用 {} 标出的术语，13 次,,本项目,agreed
00a17060,プログラマー,程序员,proper-noun,in-text-marker,,,游戏用 {} 标出的术语，14 次,,本项目,agreed
025da02a,フレアガード,耀斑护盾,proper-noun,in-text-marker,,,游戏用 {} 标出的术语，17 次,,本项目,agreed
0299d42e,ウェブオペレーション,网页运维,proper-noun,in-text-marker,,,游戏用 {} 标出的术语，13 次,,本项目,agreed
02f17fee,デザイン,设计,proper-noun,in-text-marker,,,游戏用 {} 标出的术语，95 次,,本项目,agreed
0371f2af,リミッター,限制器,proper-noun,in-text-marker,,,游戏用 {} 标出的术语，15 次,,本项目,agreed
0373cbc6,導師,导师,glossary-marker,in-text-marker,,,游戏用 {} 标出的术语，1 次,,本项目,agreed
03e66c54,天文へ登録手続き,天文的登记手续,glossary-marker,in-text-marker,,,游戏用 {} 标出的术语，1 次,,本项目,agreed
042ada3d,魂のレベル,灵魂等级,glossary-marker,in-text-marker,,,游戏用 {} 标出的术语，1 次,,本项目,agreed
04e72cd3,ドレッシング,调味汁,proper-noun,in-text-marker,,,游戏用 {} 标出的术语，22 次,,本项目,agreed
056302b7,ストレス,压力,proper-noun,in-text-marker,,,游戏用 {} 标出的术语，13 次,,本项目,agreed
060f7dcc,グラビトン,引力子,proper-noun,in-text-marker,,,游戏用 {} 标出的术语，12 次,,本项目,agreed
074ca740,ディレクター,总监,proper-noun,in-text-marker,,,游戏用 {} 标出的术语，67 次,,本项目,agreed
078b647a,セカイパート,世界部分,proper-noun,in-text-marker,,,游戏用 {} 标出的术语，26 次,,本项目,agreed
084c4dd4,ケーブル,线缆,proper-noun,in-text-marker,,,游戏用 {} 标出的术语，22 次,,本项目,agreed
08a070c8,ジュース,果汁,proper-noun,in-text-marker,,,游戏用 {} 标出的术语，40 次,,本项目,agreed
094246f1,メゾン,公馆,proper-noun,in-text-marker,,,游戏用 {} 标出的术语，17 次,,本项目,agreed
09e83387,皇女の衣,皇女之衣,glossary-marker,in-text-marker,,,游戏用 {} 标出的术语，3 次,,本项目,agreed
0a409cee,ステータス,状态,proper-noun,in-text-marker,,,游戏用 {} 标出的术语，13 次,,本项目,agreed
0a9d2cb8,ワンピース,连衣裙,proper-noun,in-text-marker,,,游戏用 {} 标出的术语，15 次,,本项目,agreed
0b8873d8,地文十二支,地文十二支,glossary-marker,in-text-marker,,,游戏用 {} 标出的术语，1 次,,本项目,agreed
0bff1022,ーーー,―――,proper-noun,in-text-marker,,,游戏用 {} 标出的术语，174 次,,本项目,agreed
0c1e6df2,「ネプトロンタワー」,“尼普特伦塔”,glossary-marker,in-text-marker,,,游戏用 {} 标出的术语，1 次,,本项目,agreed
0cc4fdf5,タスクテロップ・,任务字幕・,proper-noun,in-text-marker,,,游戏用 {} 标出的术语，13 次,,本项目,agreed
0d1d0ae6,リラックス,放松,proper-noun,in-text-marker,,,游戏用 {} 标出的术语，12 次,,本项目,agreed
0d32843c,プランナーズセクション,策划部门,proper-noun,in-text-marker,,,游戏用 {} 标出的术语，13 次,,本项目,agreed
0dd5e6f4,ショック,震惊,proper-noun,in-text-marker,,,游戏用 {} 标出的术语，31 次,,本项目,agreed
0ded8c45,タイムライン,时间线,proper-noun,in-text-marker,,,游戏用 {} 标出的术语，17 次,,本项目,agreed
0e619490,バースト,爆炸,glossary-marker,in-text-marker,,,游戏用 {} 标出的术语，5 次,,本项目,agreed
0e9a2e49,チェック,检查,proper-noun,in-text-marker,,,游戏用 {} 标出的术语，29 次,,本项目,agreed
0ece1be9,イメージ,意象,proper-noun,in-text-marker,,,游戏用 {} 标出的术语，111 次,,本项目,agreed
0f74b8e9,プロポーズ,求婚,proper-noun,in-text-marker,,,游戏用 {} 标出的术语，27 次,,本项目,agreed
0fb51c04,ポーラーズメモリー,北极星记忆,proper-noun,in-text-marker,,,游戏用 {} 标出的术语，65 次,,本项目,agreed
10014a4d,キャラ,角色,proper-noun,in-text-marker,,,游戏用 {} 标出的术语，17 次,,本项目,agreed
1038b04f,お守りのくまさん,护身小熊,glossary-marker,in-text-marker,,,游戏用 {} 标出的术语，1 次,,本项目,agreed
1039524f,マーケティング,营销,proper-noun,in-text-marker,,,游戏用 {} 标出的术语，13 次,,本项目,agreed
1087a3cd,ムービー,影像,proper-noun,in-text-marker,,,游戏用 {} 标出的术语，30 次,,本项目,agreed
10b5e374,シェルノサージュ・ゲームパート,Ciel nosurge游戏部分,proper-noun,in-text-marker,,,游戏用 {} 标出的术语，13 次,,本项目,agreed
10e5c39a,ミキシングスタジオ,混音工作室,proper-noun,in-text-marker,,,游戏用 {} 标出的术语，12 次,,本项目,agreed
10f3e14d,ロボット,机器人,proper-noun,in-text-marker,,,游戏用 {} 标出的术语，43 次,,本项目,agreed
11036680,パッケージイラスト,包装插画,proper-noun,in-text-marker,,,游戏用 {} 标出的术语，13 次,,本项目,agreed
1135db83,イチゴ,草莓,proper-noun,in-text-marker,,,游戏用 {} 标出的术语，14 次,,本项目,agreed
12120ab6,コイツ,这家伙,proper-noun,in-text-marker,,,游戏用 {} 标出的术语，15 次,,本项目,agreed
128fbddf,アラウンドフレイム,环绕烈焰,proper-noun,in-text-marker,,,游戏用 {} 标出的术语，21 次,,本项目,agreed
12bc92db,ネットワーク,网络,proper-noun,in-text-marker,,,游戏用 {} 标出的术语，20 次,,本项目,agreed
137a578b,アタシ,我,proper-noun,in-text-marker,,,游戏用 {} 标出的术语，36 次,,本项目,agreed
143b615a,バスタオル,浴巾,proper-noun,in-text-marker,,,游戏用 {} 标出的术语，26 次,,本项目,agreed
1448956b,リコーダー,竖笛,proper-noun,in-text-marker,,,游戏用 {} 标出的术语，16 次,,本项目,agreed
1575a2ee,レシピ,配方,proper-noun,in-text-marker,,,游戏用 {} 标出的术语，438 次,,本项目,agreed
16251590,セントラルユニット,中央单元,glossary-marker,in-text-marker,,,游戏用 {} 标出的术语，2 次,,本项目,agreed
16acc50b,メロン,甜瓜,proper-noun,in-text-marker,,,游戏用 {} 标出的术语，28 次,,本项目,agreed
184be622,カソード,阴极,proper-noun,in-text-marker,,,游戏用 {} 标出的术语，106 次,,本项目,agreed
1923ef82,サンタ,圣诞老人,proper-noun,in-text-marker,,,游戏用 {} 标出的术语，23 次,,本项目,agreed
195eefb0,ジェノム恐慌,杰诺姆恐慌,glossary-marker,in-text-marker,,,游戏用 {} 标出的术语，1 次,,本项目,agreed
19ce8b2a,シエスタサンダル,午睡凉鞋,proper-noun,in-text-marker,,,游戏用 {} 标出的术语，15 次,,本项目,agreed
1a113fda,ハラハラドリンク,捏汗饮料,proper-noun,in-text-marker,,,游戏用 {} 标出的术语，16 次,,本项目,agreed
1a4bee95,用語４１,词条４１,glossary-marker,in-text-marker,,,游戏用 {} 标出的术语，1 次,,本项目,agreed
1bf1ff04,オリジナル,原创,proper-noun,in-text-marker,,,游戏用 {} 标出的术语，15 次,,本项目,agreed
1d503d62,ヴェルグリス,铜绿,proper-noun,in-text-marker,,,游戏用 {} 标出的术语，12 次,,本项目,agreed
1dacfa28,グッズ,周边商品,proper-noun,in-text-marker,,,游戏用 {} 标出的术语，18 次,,本项目,agreed
1dec9772,ホラー,恐怖,proper-noun,in-text-marker,,,游戏用 {} 标出的术语，17 次,,本项目,agreed
1e20dd67,モデル,模型,proper-noun,in-text-marker,,,游戏用 {} 标出的术语，50 次,,本项目,agreed
1e752f79,オカッパ,齐耳短发,proper-noun,in-text-marker,,,游戏用 {} 标出的术语，14 次,,本项目,agreed
1eaaa08b,デザート,甜点,proper-noun,in-text-marker,,,游戏用 {} 标出的术语，33 次,,本项目,agreed
1f572d18,クーデターの日,政变之日,glossary-marker,in-text-marker,,,游戏用 {} 标出的术语，1 次,,本项目,agreed
1f8b0ef7,テクニカルエンジニア,技术工程师,proper-noun,in-text-marker,,,游戏用 {} 标出的术语，26 次,,本项目,agreed
1fa90446,エレキギター,电吉他,proper-noun,in-text-marker,,,游戏用 {} 标出的术语，15 次,,本项目,agreed
1fcf727b,フォーシーズン,四季,glossary-marker,in-text-marker,,,游戏用 {} 标出的术语，5 次,,本项目,agreed
2023aa88,無尽蔵にシャールを生み出せる訳もない,夏尔也不可能无休止地制造出来,glossary-marker,in-text-marker,,,游戏用 {} 标出的术语，1 次,,本项目,agreed
20851443,フニフニ,软乎乎,proper-noun,in-text-marker,,,游戏用 {} 标出的术语，18 次,,本项目,agreed
20dc2743,コントロール,控制,proper-noun,in-text-marker,,,游戏用 {} 标出的术语，16 次,,本项目,agreed
20dce76a,チーム・ティルドーン,Team TillDawn,proper-noun,in-text-marker,,,游戏用 {} 标出的术语，13 次,,本项目,agreed
2129038b,アドバイス,建议,proper-noun,in-text-marker,,,游戏用 {} 标出的术语，13 次,,本项目,agreed
22572ad4,用語５,词条５,glossary-marker,in-text-marker,,,游戏用 {} 标出的术语，1 次,,本项目,agreed
23195315,同調可能精神レベル,可同调精神等级,glossary-marker,in-text-marker,,,游戏用 {} 标出的术语，1 次,,本项目,agreed
23e6ccd6,用語３９,词条３９,glossary-marker,in-text-marker,,,游戏用 {} 标出的术语，1 次,,本项目,agreed
246a7408,セカイリンク,世界链接,proper-noun,in-text-marker,,,游戏用 {} 标出的术语，25 次,,本项目,agreed
25984392,コンポーザー,作曲家,proper-noun,in-text-marker,,,游戏用 {} 标出的术语，26 次,,本项目,agreed
2620652a,・シャール,・夏尔,proper-noun,in-text-marker,,,游戏用 {} 标出的术语，18 次,,本项目,agreed
26604a61,マスターレジストラ,主注册官,proper-noun,in-text-marker,,,游戏用 {} 标出的术语，14 次,,本项目,agreed
269b0f92,キャンセル,取消,proper-noun,in-text-marker,,,游戏用 {} 标出的术语，16 次,,本项目,agreed
26d10aad,プログラムサポート,程序支援,proper-noun,in-text-marker,,,游戏用 {} 标出的术语，13 次,,本项目,agreed
270327b0,用語２７,词条２７,glossary-marker,in-text-marker,,,游戏用 {} 标出的术语，1 次,,本项目,agreed
27860d7d,用語８,词条８,glossary-marker,in-text-marker,,,游戏用 {} 标出的术语，1 次,,本项目,agreed
28184de3,アクアドーム,水穹顶,proper-noun,in-text-marker,,,游戏用 {} 标出的术语，18 次,,本项目,agreed
28640577,マグネムメタル,磁能金属,proper-noun,in-text-marker,,,游戏用 {} 标出的术语，15 次,,本项目,agreed
28f69b57,パーク,公园,proper-noun,in-text-marker,,,游戏用 {} 标出的术语，16 次,,本项目,agreed
29ebd916,フラスク流体,烧瓶流体,glossary-marker,in-text-marker,,,游戏用 {} 标出的术语，1 次,,本项目,agreed
2a3b1d63,縷縷,缕缕,glossary-marker,in-text-marker,,,游戏用 {} 标出的术语，1 次,,本项目,agreed
2a4ddd87,シロップ,糖浆,proper-noun,in-text-marker,,,游戏用 {} 标出的术语，13 次,,本项目,agreed
2a865a63,メイン,主要,proper-noun,in-text-marker,,,游戏用 {} 标出的术语，19 次,,本项目,agreed
2c430ae3,用語３,词条３,glossary-marker,in-text-marker,,,游戏用 {} 标出的术语，1 次,,本项目,agreed
2c78ab4d,用語２２,词条２２,glossary-marker,in-text-marker,,,游戏用 {} 标出的术语，1 次,,本项目,agreed
2d63b3b2,地文調停官,地文调停官,glossary-marker,in-text-marker,,,游戏用 {} 标出的术语，1 次,,本项目,agreed
2d6530e9,レコーディング,录音,proper-noun,in-text-marker,,,游戏用 {} 标出的术语，37 次,,本项目,agreed
2d7da8fe,軌道エレベイタ,轨道升降机,glossary-marker,in-text-marker,,,游戏用 {} 标出的术语，1 次,,本项目,agreed
2d9c1a16,キャラクターセットアップ,角色装配,proper-noun,in-text-marker,,,游戏用 {} 标出的术语，26 次,,本项目,agreed
2dd5ca6b,サービス,服务,proper-noun,in-text-marker,,,游戏用 {} 标出的术语，34 次,,本项目,agreed
2de362e0,用語１５,词条１５,glossary-marker,in-text-marker,,,游戏用 {} 标出的术语，1 次,,本项目,agreed
2e6a7a61,アウトゴット,奥特戈德,proper-noun,in-text-marker,,,游戏用 {} 标出的术语，19 次,,本项目,agreed
2e7e9248,ハーモニウム,簧风琴,proper-noun,in-text-marker,,,游戏用 {} 标出的术语，12 次,,本项目,agreed
2ec7f8ee,パーツ,零件,proper-noun,in-text-marker,,,游戏用 {} 标出的术语，297 次,,本项目,agreed
2fa6e1dc,リーダー,队长,proper-noun,in-text-marker,,,游戏用 {} 标出的术语，15 次,,本项目,agreed
3081d773,ゲーム,游戏,proper-noun,in-text-marker,,,游戏用 {} 标出的术语，51 次,,本项目,agreed
30aa1daa,アンタ,你,proper-noun,in-text-marker,,,游戏用 {} 标出的术语，82 次,,本项目,agreed
31c02c9b,コード,代码,proper-noun,in-text-marker,,,游戏用 {} 标出的术语，42 次,,本项目,agreed
31e8ba49,トントン,咚咚,proper-noun,in-text-marker,,,游戏用 {} 标出的术语，123 次,,本项目,agreed
32aeb81a,ファーストハーモニクス,第一谐波,glossary-marker,in-text-marker,,,游戏用 {} 标出的术语，7 次,,本项目,agreed
32b81ce8,フツー,普通,proper-noun,in-text-marker,,,游戏用 {} 标出的术语，12 次,,本项目,agreed
32c454c2,チーズ,奶酪,proper-noun,in-text-marker,,,游戏用 {} 标出的术语，21 次,,本项目,agreed
32ed60ff,メール,邮件,proper-noun,in-text-marker,,,游戏用 {} 标出的术语，96 次,,本项目,agreed
33ad36b6,シェルノトロン医療,榭鲁诺特伦医疗,glossary-marker,in-text-marker,,,游戏用 {} 标出的术语，1 次,,本项目,agreed
34a849dc,・キャスティング,・选角,proper-noun,in-text-marker,,,游戏用 {} 标出的术语，13 次,,本项目,agreed
34ac32a9,キャラクターデザイン,角色设计,proper-noun,in-text-marker,,,游戏用 {} 标出的术语，26 次,,本项目,agreed
34b5f541,グラタン,芝士烤菜,proper-noun,in-text-marker,,,游戏用 {} 标出的术语，17 次,,本项目,agreed
34db9902,ステリエルクラス,斯特利埃尔级,proper-noun,in-text-marker,,,游戏用 {} 标出的术语，12 次,,本项目,agreed
3519daf2,エスコート,护送,proper-noun,in-text-marker,,,游戏用 {} 标出的术语，21 次,,本项目,agreed
3549da88,チケット,门票,proper-noun,in-text-marker,,,游戏用 {} 标出的术语，17 次,,本项目,agreed
35c529ba,メテオライズ,流星化,proper-noun,in-text-marker,,,游戏用 {} 标出的术语，39 次,,本项目,agreed
36724bec,タップ,点击,proper-noun,in-text-marker,,,游戏用 {} 标出的术语，59 次,,本项目,agreed
36759ebf,ソース,酱汁,proper-noun,in-text-marker,,,游戏用 {} 标出的术语，15 次,,本项目,agreed
367f35a3,プラネタリー・メゾン,行星公馆,glossary-marker,in-text-marker,,,游戏用 {} 标出的术语，6 次,,本项目,agreed
36b8b58e,アルメティカ営業情報共有者連盟,阿尔梅堤嘉营业信息共享者联盟,glossary-marker,in-text-marker,,,游戏用 {} 标出的术语，1 次,,本项目,agreed
36cbc6b9,ゴールデンウィーク,黄金周,proper-noun,in-text-marker,,,游戏用 {} 标出的术语，15 次,,本项目,agreed
375c0663,プロモーションムービー,宣传影像,proper-noun,in-text-marker,,,游戏用 {} 标出的术语，13 次,,本项目,agreed
3774ce3f,フロストメタル,霜冻金属,proper-noun,in-text-marker,,,游戏用 {} 标出的术语，13 次,,本项目,agreed
382a7548,ステージ,舞台,proper-noun,in-text-marker,,,游戏用 {} 标出的术语，70 次,,本项目,agreed
38967eaa,デザイン・モデリング・アニメーション,设计・建模・动画,proper-noun,in-text-marker,,,游戏用 {} 标出的术语，13 次,,本项目,agreed
38a9e14e,断界,断界,glossary-marker,in-text-marker,,,游戏用 {} 标出的术语，1 次,,本项目,agreed
38c2604e,オルゴール,八音盒,proper-noun,in-text-marker,,,游戏用 {} 标出的术语，21 次,,本项目,agreed
3b559e6d,タッチ,触摸,proper-noun,in-text-marker,,,游戏用 {} 标出的术语，41 次,,本项目,agreed
3b8cc004,プリン,布丁,proper-noun,in-text-marker,,,游戏用 {} 标出的术语，16 次,,本项目,agreed
3c468e13,オイル,油,proper-noun,in-text-marker,,,游戏用 {} 标出的术语，35 次,,本项目,agreed
3cc00fae,高感度シェルノトロン,高灵敏度榭鲁诺特伦,glossary-marker,in-text-marker,,,游戏用 {} 标出的术语，1 次,,本项目,agreed
3d7213b7,ワイヤレスシップ,无线导船,proper-noun,in-text-marker,,,游戏用 {} 标出的术语，13 次,,本项目,agreed
3d8d54d9,ガラガラ,空空荡荡,proper-noun,in-text-marker,,,游戏用 {} 标出的术语，16 次,,本项目,agreed
3db5c9dd,マスタード,芥末,proper-noun,in-text-marker,,,游戏用 {} 标出的术语，12 次,,本项目,agreed
3e4ec286,クオリア,感质,glossary-marker,in-text-marker,,,游戏用 {} 标出的术语，1 次,,本项目,agreed
3e8952d2,用語２０,词条２０,glossary-marker,in-text-marker,,,游戏用 {} 标出的术语，1 次,,本项目,agreed
3ec1136d,スタッフ,员工,proper-noun,in-text-marker,,,游戏用 {} 标出的术语，27 次,,本项目,agreed
3f174a20,『詩姫』,‘诗姬’,glossary-marker,in-text-marker,,,游戏用 {} 标出的术语，1 次,,本项目,agreed
3f5eb4ed,用語２１,词条２１,glossary-marker,in-text-marker,,,游戏用 {} 标出的术语，1 次,,本项目,agreed
3fc53d51,タイプ,类型,proper-noun,in-text-marker,,,游戏用 {} 标出的术语，41 次,,本项目,agreed
40255895,用語２,词条２,glossary-marker,in-text-marker,,,游戏用 {} 标出的术语，1 次,,本项目,agreed
40f5527d,フブキ,吹雪,proper-noun,in-text-marker,,,游戏用 {} 标出的术语，13 次,,本项目,agreed
416e2f78,空の亀裂,天空裂缝,glossary-marker,in-text-marker,,,游戏用 {} 标出的术语，1 次,,本项目,agreed
41a632ef,コメント,评语,proper-noun,in-text-marker,,,游戏用 {} 标出的术语，22 次,,本项目,agreed
420248b6,アイリッシュブズーキ,爱尔兰布祖基琴,proper-noun,in-text-marker,,,游戏用 {} 标出的术语，15 次,,本项目,agreed
4213,「レオン-4213」,“雷昂-4213”,glossary-marker,in-text-marker,,,游戏用 {} 标出的术语，1 次,,本项目,agreed
425e8ee4,ジリリウム,吉利利姆,proper-noun,in-text-marker,,,游戏用 {} 标出的术语，37 次,,本项目,agreed
42609cf3,メゾンホール,公馆大厅,glossary-marker,in-text-marker,,,游戏用 {} 标出的术语，1 次,,本项目,agreed
42f693f8,電離傘,电离伞,glossary-marker,in-text-marker,,,游戏用 {} 标出的术语，1 次,,本项目,agreed
436c45c7,用語３８,词条３８,glossary-marker,in-text-marker,,,游戏用 {} 标出的术语，1 次,,本项目,agreed
43aae09e,皇帝契絆支,皇帝契绊支,glossary-marker,in-text-marker,,,游戏用 {} 标出的术语，1 次,,本项目,agreed
43ce8878,用語１４,词条１４,glossary-marker,in-text-marker,,,游戏用 {} 标出的术语，1 次,,本项目,agreed
449c69d7,サポート,支援,proper-noun,in-text-marker,,,游戏用 {} 标出的术语，15 次,,本项目,agreed
44c735ef,プログラマーズセクション,程序员部门,proper-noun,in-text-marker,,,游戏用 {} 标出的术语，26 次,,本项目,agreed
4561c17e,テーマ,主题,proper-noun,in-text-marker,,,游戏用 {} 标出的术语，20 次,,本项目,agreed
456285fd,キャスティング,选角,proper-noun,in-text-marker,,,游戏用 {} 标出的术语，13 次,,本项目,agreed
45c20cb5,イベントプログラム,事件程序,proper-noun,in-text-marker,,,游戏用 {} 标出的术语，13 次,,本项目,agreed
46967d18,用語２８,词条２８,glossary-marker,in-text-marker,,,游戏用 {} 标出的术语，1 次,,本项目,agreed
47b4753f,タイトル,标题,proper-noun,in-text-marker,,,游戏用 {} 标出的术语，32 次,,本项目,agreed
481e8b26,太陽ベゼル,太阳贝捷尔,glossary-marker,in-text-marker,,,游戏用 {} 标出的术语，1 次,,本项目,agreed
483746c2,旧ジェノミライ研究所,旧杰诺米莱伊研究所,glossary-marker,in-text-marker,,,游戏用 {} 标出的术语，1 次,,本项目,agreed
48a0c9f6,ネプトリュード,尼普特律德,proper-noun,in-text-marker,,,游戏用 {} 标出的术语，21 次,,本项目,agreed
4974c64f,エクストリーム,极限,proper-noun,in-text-marker,,,游戏用 {} 标出的术语，26 次,,本项目,agreed
49b7386b,コマンド,指令,proper-noun,in-text-marker,,,游戏用 {} 标出的术语，16 次,,本项目,agreed
49e19aab,アトラクション,游乐设施,proper-noun,in-text-marker,,,游戏用 {} 标出的术语，22 次,,本项目,agreed
4a899295,トロン,特伦,proper-noun,in-text-marker,,,游戏用 {} 标出的术语，177 次,,本项目,agreed
4a9646d5,メインアニメーター,主动画师,proper-noun,in-text-marker,,,游戏用 {} 标出的术语，13 次,,本项目,agreed
4b9cc209,ポイント・ピクチャーズ,Point Pictures,proper-noun,in-text-marker,,,游戏用 {} 标出的术语，26 次,,本项目,agreed
4bd47c8c,用語２４,词条２４,glossary-marker,in-text-marker,,,游戏用 {} 标出的术语，1 次,,本项目,agreed
4c0c4a4c,パワー,力量,proper-noun,in-text-marker,,,游戏用 {} 标出的术语，16 次,,本项目,agreed
4c56163e,ビックリ,吃惊,proper-noun,in-text-marker,,,游戏用 {} 标出的术语，162 次,,本项目,agreed
4e455731,用語１９,词条１９,glossary-marker,in-text-marker,,,游戏用 {} 标出的术语，1 次,,本项目,agreed
4e67a84c,ネットワークセクション,网络部门,proper-noun,in-text-marker,,,游戏用 {} 标出的术语，13 次,,本项目,agreed
4eb05fc5,配導盤,配导盘,glossary-marker,in-text-marker,,,游戏用 {} 标出的术语，1 次,,本项目,agreed
4ec447bf,デザイナーズセクション,设计师部门,proper-noun,in-text-marker,,,游戏用 {} 标出的术语，26 次,,本项目,agreed
4f48dbef,メディア,媒体,proper-noun,in-text-marker,,,游戏用 {} 标出的术语，12 次,,本项目,agreed
4f4cae15,声帯域の限界,声带音域的极限,glossary-marker,in-text-marker,,,游戏用 {} 标出的术语，1 次,,本项目,agreed
4f70eee7,セット,套装,proper-noun,in-text-marker,,,游戏用 {} 标出的术语，59 次,,本项目,agreed
4fc73485,小鳥が多い,有很多小鸟,glossary-marker,in-text-marker,,,游戏用 {} 标出的术语，1 次,,本项目,agreed
50445a10,次世代シェルノトロンサーバー,次世代榭鲁诺特伦服务器,glossary-marker,in-text-marker,,,游戏用 {} 标出的术语，1 次,,本项目,agreed
50462d5f,カテゴリ,类别,proper-noun,in-text-marker,,,游戏用 {} 标出的术语，16 次,,本项目,agreed
5176fe43,ハッキング,黑客入侵,proper-noun,in-text-marker,,,游戏用 {} 标出的术语，16 次,,本项目,agreed
51c6ed0e,パートナー,搭档,proper-noun,in-text-marker,,,游戏用 {} 标出的术语，26 次,,本项目,agreed
52edcb82,モーション,动作,proper-noun,in-text-marker,,,游戏用 {} 标出的术语，13 次,,本项目,agreed
5307be4b,トップ,顶级,proper-noun,in-text-marker,,,游戏用 {} 标出的术语，13 次,,本项目,agreed
5408c1de,マップ,地图,proper-noun,in-text-marker,,,游戏用 {} 标出的术语，18 次,,本项目,agreed
541a2f62,ゴメン,抱歉,proper-noun,in-text-marker,,,游戏用 {} 标出的术语，14 次,,本项目,agreed
54bb2f30,ロマンチック,浪漫,proper-noun,in-text-marker,,,游戏用 {} 标出的术语，15 次,,本项目,agreed
54f1c40f,ドキッ,心中一惊,proper-noun,in-text-marker,,,游戏用 {} 标出的术语，22 次,,本项目,agreed
554fc1b9,ロジスティックス,后勤,proper-noun,in-text-marker,,,游戏用 {} 标出的术语，26 次,,本项目,agreed
56229655,スープ,汤,proper-noun,in-text-marker,,,游戏用 {} 标出的术语，42 次,,本项目,agreed
56301c76,アクセサリー,饰品,proper-noun,in-text-marker,,,游戏用 {} 标出的术语，22 次,,本项目,agreed
567e4b28,ジェノミリンク,杰诺米链接,proper-noun,in-text-marker,,,游戏用 {} 标出的术语，27 次,,本项目,agreed
575cf085,プロデューサー,制作人,proper-noun,in-text-marker,,,游戏用 {} 标出的术语，26 次,,本项目,agreed
578325b5,エネルギー,能量,proper-noun,in-text-marker,,,游戏用 {} 标出的术语，307 次,,本项目,agreed
579e7493,チューブ・カンパニー,管体公司,glossary-marker,in-text-marker,,,游戏用 {} 标出的术语，6 次,,本项目,agreed
588511ff,四季祭,四季祭,glossary-marker,in-text-marker,,,游戏用 {} 标出的术语，1 次,,本项目,agreed
58cccee1,カンパニー,公司,glossary-marker,in-text-marker,,,游戏用 {} 标出的术语，1 次,,本项目,agreed
58dd9da2,ショート,短款,proper-noun,in-text-marker,,,游戏用 {} 标出的术语，20 次,,本项目,agreed
5969d068,ドキドキ,心跳不已,proper-noun,in-text-marker,,,游戏用 {} 标出的术语，340 次,,本项目,agreed
59e86306,タップリ,充分,proper-noun,in-text-marker,,,游戏用 {} 标出的术语，12 次,,本项目,agreed
5a0e6fd5,ロザリオ,念珠,proper-noun,in-text-marker,,,游戏用 {} 标出的术语，19 次,,本项目,agreed
5a5da8bd,用語３１,词条３１,glossary-marker,in-text-marker,,,游戏用 {} 标出的术语，1 次,,本项目,agreed
5a5f08df,プレゼント,礼物,proper-noun,in-text-marker,,,游戏用 {} 标出的术语，33 次,,本项目,agreed
5a63c5e0,イオナサルさまフィギュア,依欧娜萨鲁大人手办,glossary-marker,in-text-marker,,,游戏用 {} 标出的术语，1 次,,本项目,agreed
5b7b361b,タワー,高塔,proper-noun,in-text-marker,,,游戏用 {} 标出的术语，13 次,,本项目,agreed
5cc59ce1,グルメイト,美食伴侣,proper-noun,in-text-marker,,,游戏用 {} 标出的术语，31 次,,本项目,agreed
5cd301b8,ワールドイラスト,世界插画,proper-noun,in-text-marker,,,游戏用 {} 标出的术语，13 次,,本项目,agreed
5da1515b,インストール,安装,proper-noun,in-text-marker,,,游戏用 {} 标出的术语，20 次,,本项目,agreed
5e38e342,エグゼクティブプロデューサー,执行制作人,proper-noun,in-text-marker,,,游戏用 {} 标出的术语，13 次,,本项目,agreed
5ecc5c4a,ゼリー,果冻,proper-noun,in-text-marker,,,游戏用 {} 标出的术语，17 次,,本项目,agreed
5edf42a9,シェルノトロンサーバー,榭鲁诺特伦服务器,glossary-marker,in-text-marker,,,游戏用 {} 标出的术语，3 次,,本项目,agreed
5f54b4a4,ノエリア,诺艾莉亚,proper-noun,in-text-marker,,,游戏用 {} 标出的术语，12 次,,本项目,agreed
5f8e507f,ダイエット,节食,proper-noun,in-text-marker,,,游戏用 {} 标出的术语，22 次,,本项目,agreed
607de350,メンテナンス,维护,proper-noun,in-text-marker,,,游戏用 {} 标出的术语，16 次,,本项目,agreed
60bc6aa2,ディライトレンズ,悦目镜片,proper-noun,in-text-marker,,,游戏用 {} 标出的术语，13 次,,本项目,agreed
60e45b9f,用語１６,词条１６,glossary-marker,in-text-marker,,,游戏用 {} 标出的术语，1 次,,本项目,agreed
61bb2a27,ヒューズ,保险丝,proper-noun,in-text-marker,,,游戏用 {} 标出的术语，13 次,,本项目,agreed
61f92a39,ミキサー,调音师,proper-noun,in-text-marker,,,游戏用 {} 标出的术语，13 次,,本项目,agreed
6245f96f,キャラクターアニメーション,角色动画,proper-noun,in-text-marker,,,游戏用 {} 标出的术语，61 次,,本项目,agreed
62ac4419,用語２９,词条２９,glossary-marker,in-text-marker,,,游戏用 {} 标出的术语，1 次,,本项目,agreed
62cf90b1,Ｈ波,H波,glossary-marker,in-text-marker,,,游戏用 {} 标出的术语，1 次,,本项目,agreed
6333fc99,宮城,皇宫,glossary-marker,in-text-marker,,,游戏用 {} 标出的术语，5 次,,本项目,agreed
634796a7,カノイール,卡诺伊尔,proper-noun,in-text-marker,,卡诺依尔,游戏用 {} 标出的术语，241 次,,本项目,agreed
63b560db,テスト,测试,proper-noun,in-text-marker,,,游戏用 {} 标出的术语，30 次,,本项目,agreed
644f6dd8,マネジメント,管理,proper-noun,in-text-marker,,,游戏用 {} 标出的术语，26 次,,本项目,agreed
64c02412,ピアノ,钢琴,proper-noun,in-text-marker,,,游戏用 {} 标出的术语，13 次,,本项目,agreed
659f771b,クリーム,奶油,proper-noun,in-text-marker,,,游戏用 {} 标出的术语，37 次,,本项目,agreed
65d9f0fb,ラシェーラ・スターライト,拉榭拉星光,glossary-marker,in-text-marker,,,游戏用 {} 标出的术语，2 次,,本项目,agreed
65f2d4bf,ヒュムネスフィア,修姆涅球,glossary-marker,in-text-marker,,,游戏用 {} 标出的术语，1 次,,本项目,agreed
6640e4a3,メッセージ,消息,proper-noun,in-text-marker,,,游戏用 {} 标出的术语，59 次,,本项目,agreed
664380bd,フォーク,叉子,proper-noun,in-text-marker,,,游戏用 {} 标出的术语，15 次,,本项目,agreed
668c16f7,ヴァイオリン,小提琴,proper-noun,in-text-marker,,,游戏用 {} 标出的术语，59 次,,本项目,agreed
670ed6b4,アストロサイト・モジュラトリ・ウィルス,星形胶质细胞调节病毒,glossary-marker,in-text-marker,,,游戏用 {} 标出的术语，4 次,,本项目,agreed
6881e415,イヤシーン,令人讨厌的场面,proper-noun,in-text-marker,,,游戏用 {} 标出的术语，17 次,,本项目,agreed
688731bb,スッキリ,舒畅,proper-noun,in-text-marker,,,游戏用 {} 标出的术语，18 次,,本项目,agreed
68d9657a,カフェ・デ・コモ,科莫咖啡馆,proper-noun,in-text-marker,,,游戏用 {} 标出的术语，17 次,,本项目,agreed
69078300,オンライン,在线,proper-noun,in-text-marker,,,游戏用 {} 标出的术语，25 次,,本项目,agreed
691aa386,用語１０,词条１０,glossary-marker,in-text-marker,,,游戏用 {} 标出的术语，1 次,,本项目,agreed
6971c1ee,トラブル,麻烦,proper-noun,in-text-marker,,,游戏用 {} 标出的术语，12 次,,本项目,agreed
69a825a2,チョコ,巧克力,proper-noun,in-text-marker,,,游戏用 {} 标出的术语，50 次,,本项目,agreed
69b8ddcd,用語７,词条７,glossary-marker,in-text-marker,,,游戏用 {} 标出的术语，1 次,,本项目,agreed
69d6efa5,ナデナデ,摸摸头,proper-noun,in-text-marker,,,游戏用 {} 标出的术语，27 次,,本项目,agreed
6a0a9611,レシピカード,配方卡,proper-noun,in-text-marker,,,游戏用 {} 标出的术语，16 次,,本项目,agreed
6a712bf9,７次元俯瞰理論,7次元俯瞰理论,glossary-marker,in-text-marker,,,游戏用 {} 标出的术语，1 次,,本项目,agreed
6adaedff,テリトリー・エクスチェンジ,领地交换,glossary-marker,in-text-marker,,,游戏用 {} 标出的术语，1 次,,本项目,agreed
6ae12057,チェイン,连锁,glossary-marker,in-text-marker,,,游戏用 {} 标出的术语，7 次,,本项目,agreed
6bc04936,エレベーター,升降梯,proper-noun,in-text-marker,,,游戏用 {} 标出的术语，13 次,,本项目,agreed
6c25e868,タイプライター,打字机,proper-noun,in-text-marker,,,游戏用 {} 标出的术语，14 次,,本项目,agreed
6cb6815d,ウェブエンジニア,网页工程师,proper-noun,in-text-marker,,,游戏用 {} 标出的术语，13 次,,本项目,agreed
6d0430af,幹部の別宅,干部的别宅,glossary-marker,in-text-marker,,,游戏用 {} 标出的术语，1 次,,本项目,agreed
6d24c7fa,オサレカタログ,时髦目录,proper-noun,in-text-marker,,,游戏用 {} 标出的术语，15 次,,本项目,agreed
6e0510a6,オプション,选项,proper-noun,in-text-marker,,,游戏用 {} 标出的术语，16 次,,本项目,agreed
6e5059bf,ペンダント,吊坠,proper-noun,in-text-marker,,,游戏用 {} 标出的术语，20 次,,本项目,agreed
6e56ebe5,ニックネーム,昵称,proper-noun,in-text-marker,,,游戏用 {} 标出的术语，18 次,,本项目,agreed
6f1cd50e,ウインドウショッピング,逛街看橱窗,proper-noun,in-text-marker,,,游戏用 {} 标出的术语，14 次,,本项目,agreed
71911cd8,デート,约会,proper-noun,in-text-marker,,,游戏用 {} 标出的术语，886 次,,本项目,agreed
71fb0c5b,用語１７,词条１７,glossary-marker,in-text-marker,,,游戏用 {} 标出的术语，1 次,,本项目,agreed
73575c64,アイデア,点子,proper-noun,in-text-marker,,,游戏用 {} 标出的术语，14 次,,本项目,agreed
735e2a75,スペクトラムの形状,光谱的形状,glossary-marker,in-text-marker,,,游戏用 {} 标出的术语，1 次,,本项目,agreed
7465a616,デコレーション,装饰,proper-noun,in-text-marker,,,游戏用 {} 标出的术语，13 次,,本项目,agreed
755d8b81,用語１２,词条１２,glossary-marker,in-text-marker,,,游戏用 {} 标出的术语，1 次,,本项目,agreed
7600c7f2,雷哭大樹,雷哭大树,glossary-marker,in-text-marker,,,游戏用 {} 标出的术语，1 次,,本项目,agreed
7719a593,用語９,词条９,glossary-marker,in-text-marker,,,游戏用 {} 标出的术语，1 次,,本项目,agreed
7768fa9c,レディ,女士,proper-noun,in-text-marker,,,游戏用 {} 标出的术语，85 次,,本项目,agreed
77baeb33,セーブ・ベゼル,存档贝捷尔,glossary-marker,in-text-marker,,,游戏用 {} 标出的术语，1 次,,本项目,agreed
780109b0,アイツ,那家伙,proper-noun,in-text-marker,,,游戏用 {} 标出的术语，29 次,,本项目,agreed
787ee533,マテリアルパレット,素材面板,glossary-marker,in-text-marker,,,游戏用 {} 标出的术语，1 次,,本项目,agreed
792f4896,シェルノトロンの大規模規制,榭鲁诺特伦的大规模规制,glossary-marker,in-text-marker,,,游戏用 {} 标出的术语，1 次,,本项目,agreed
7a1b7e21,ファースト･ハーモニクス,第一谐波,glossary-marker,in-text-marker,,,游戏用 {} 标出的术语，1 次,,本项目,agreed
7ae060e9,セーブベゼル,存档贝捷尔,glossary-marker,in-text-marker,,,游戏用 {} 标出的术语，3 次,,本项目,agreed
7ae7e23f,フクー,福库,proper-noun,in-text-marker,,,游戏用 {} 标出的术语，12 次,,本项目,agreed
7b4c745c,ペアリングコード,配对码,glossary-marker,in-text-marker,,,游戏用 {} 标出的术语，1 次,,本项目,agreed
7bf722a3,万寿沙羅を救った大きな花,拯救万寿沙罗的大花,glossary-marker,in-text-marker,,,游戏用 {} 标出的术语，1 次,,本项目,agreed
7ccf4860,ミステリー,悬疑,proper-noun,in-text-marker,,,游戏用 {} 标出的术语，13 次,,本项目,agreed
7d0d433e,プログラム,程序,proper-noun,in-text-marker,,,游戏用 {} 标出的术语，42 次,,本项目,agreed
7d0dc595,ファン,粉丝,proper-noun,in-text-marker,,,游戏用 {} 标出的术语，21 次,,本项目,agreed
7ddbfbd3,オーション,海洋,proper-noun,in-text-marker,,,游戏用 {} 标出的术语，38 次,,本项目,agreed
7df413ef,フロスト,霜冻,proper-noun,in-text-marker,,,游戏用 {} 标出的术语，15 次,,本项目,agreed
7f1d3cea,バイオス,BIOS,proper-noun,in-text-marker,,,游戏用 {} 标出的术语，32 次,,本项目,agreed
7f70a4d3,モジュール,模块,proper-noun,in-text-marker,,,游戏用 {} 标出的术语，13 次,,本项目,agreed
7f83e7ef,力場,力场,glossary-marker,in-text-marker,,,游戏用 {} 标出的术语，2 次,,本项目,agreed
8075af29,プール,泳池,proper-noun,in-text-marker,,,游戏用 {} 标出的术语，36 次,,本项目,agreed
80e82534,フォーシーズンへのチケット,前往四季的门票,glossary-marker,in-text-marker,,,游戏用 {} 标出的术语，1 次,,本项目,agreed
81299e6a,ポイント,点数,proper-noun,in-text-marker,,,游戏用 {} 标出的术语，75 次,,本项目,agreed
8148a929,キャラクターモデリング,角色建模,proper-noun,in-text-marker,,,游戏用 {} 标出的术语，13 次,,本项目,agreed
81b9e692,セキュリティ,安全,proper-noun,in-text-marker,,,游戏用 {} 标出的术语，34 次,,本项目,agreed
81f68fd1,リアル,真实,proper-noun,in-text-marker,,,游戏用 {} 标出的术语，21 次,,本项目,agreed
8203bc8d,ガッカリ,失望,proper-noun,in-text-marker,,,游戏用 {} 标出的术语，30 次,,本项目,agreed
8443ae18,ワールドモデリング,世界建模,proper-noun,in-text-marker,,,游戏用 {} 标出的术语，26 次,,本项目,agreed
847a6758,キャラクターモデル,角色模型,proper-noun,in-text-marker,,,游戏用 {} 标出的术语，13 次,,本项目,agreed
8529653f,ダイブゲート,潜入之门,proper-noun,in-text-marker,,,游戏用 {} 标出的术语，17 次,,本项目,agreed
854c88da,・ミドルウェア,・中间件,proper-noun,in-text-marker,,,游戏用 {} 标出的术语，26 次,,本项目,agreed
86567ad7,ショー,表演,proper-noun,in-text-marker,,,游戏用 {} 标出的术语，17 次,,本项目,agreed
8681ebad,アストロサイト･モジュラトリ・ウィルス,星形胶质细胞调节病毒,glossary-marker,in-text-marker,,,游戏用 {} 标出的术语，1 次,,本项目,agreed
871d5ba3,ベース,贝斯,proper-noun,in-text-marker,,,游戏用 {} 标出的术语，17 次,,本项目,agreed
87caf5e3,サウンドディレクター,音效总监,proper-noun,in-text-marker,,,游戏用 {} 标出的术语，13 次,,本项目,agreed
88b9442e,サラダ,沙拉,proper-noun,in-text-marker,,,游戏用 {} 标出的术语，54 次,,本项目,agreed
88fd965a,ステーキ,牛排,proper-noun,in-text-marker,,,游戏用 {} 标出的术语，16 次,,本项目,agreed
89c25a44,ダメダメ,不行不行,proper-noun,in-text-marker,,,游戏用 {} 标出的术语，20 次,,本项目,agreed
8a208fc6,用語３４,词条３４,glossary-marker,in-text-marker,,,游戏用 {} 标出的术语，1 次,,本项目,agreed
8a7ccda3,用語６,词条６,glossary-marker,in-text-marker,,,游戏用 {} 标出的术语，1 次,,本项目,agreed
8ab527d6,シェア,份额,proper-noun,in-text-marker,,,游戏用 {} 标出的术语，12 次,,本项目,agreed
8ac57ca9,データベース,数据库,proper-noun,in-text-marker,,,游戏用 {} 标出的术语，18 次,,本项目,agreed
8b04cb85,ウエディングドレス,婚纱,proper-noun,in-text-marker,,,游戏用 {} 标出的术语，16 次,,本项目,agreed
8b27332e,クラス,级别,proper-noun,in-text-marker,,,游戏用 {} 标出的术语，14 次,,本项目,agreed
8b894094,アタシが昔着てた服,我以前穿过的衣服,glossary-marker,in-text-marker,,,游戏用 {} 标出的术语，1 次,,本项目,agreed
8c044de4,シャール消去剤,夏尔消除剂,glossary-marker,in-text-marker,,,游戏用 {} 标出的术语，1 次,,本项目,agreed
8c1616b4,フライパン,平底锅,proper-noun,in-text-marker,,,游戏用 {} 标出的术语，13 次,,本项目,agreed
8c35577f,ルビーグラス,红宝石草,proper-noun,in-text-marker,,红宝石杯|红宝石玻璃,游戏用 {} 标出的术语，16 次,,本项目,agreed
8c7d360f,ウィルス,病毒,proper-noun,in-text-marker,,,游戏用 {} 标出的术语，82 次,,本项目,agreed
8d7d82f5,ウルゥリィヤ,乌鲁莉亚,proper-noun,in-text-marker,,,游戏用 {} 标出的术语，31 次,,本项目,agreed
8d941f1e,スチームメタル,蒸汽金属,proper-noun,in-text-marker,,,游戏用 {} 标出的术语，13 次,,本项目,agreed
8de76f0a,カフェ,咖啡馆,proper-noun,in-text-marker,,,游戏用 {} 标出的术语，151 次,,本项目,agreed
8e2f7f28,シナリオ・,剧本・,proper-noun,in-text-marker,,,游戏用 {} 标出的术语，13 次,,本项目,agreed
8e5e7fe8,センス,感觉,proper-noun,in-text-marker,,,游戏用 {} 标出的术语，12 次,,本项目,agreed
8f25ffe3,シタール,锡塔尔琴,proper-noun,in-text-marker,,,游戏用 {} 标出的术语，13 次,,本项目,agreed
8f62e57e,市民契約,市民契约,glossary-marker,in-text-marker,,,游戏用 {} 标出的术语，1 次,,本项目,agreed
8f99b5f7,メニュー,菜单,proper-noun,in-text-marker,,,游戏用 {} 标出的术语，109 次,,本项目,agreed
8fe4dab4,インターフェイスデザイン,界面设计,proper-noun,in-text-marker,,,游戏用 {} 标出的术语，13 次,,本项目,agreed
8fe750a5,リンク,链接,proper-noun,in-text-marker,,,游戏用 {} 标出的术语，36 次,,本项目,agreed
8ffb0bbf,キャラクターイラスト,角色插画,proper-noun,in-text-marker,,,游戏用 {} 标出的术语，13 次,,本项目,agreed
90f9f053,用語２６,词条２６,glossary-marker,in-text-marker,,,游戏用 {} 标出的术语，1 次,,本项目,agreed
9229f028,リードプログラマー,主程序员,proper-noun,in-text-marker,,,游戏用 {} 标出的术语，13 次,,本项目,agreed
922ba806,ラシェーラの芽吹き,拉榭拉的新芽,glossary-marker,in-text-marker,,,游戏用 {} 标出的术语，1 次,,本项目,agreed
92945c9f,カロリー,卡路里,proper-noun,in-text-marker,,,游戏用 {} 标出的术语，31 次,,本项目,agreed
92f55796,シップ,飞船,proper-noun,in-text-marker,,,游戏用 {} 标出的术语，15 次,,本项目,agreed
9329abb4,クオリティ,品质,proper-noun,in-text-marker,,,游戏用 {} 标出的术语，13 次,,本项目,agreed
93601dd3,夢ノ珠,梦之珠,glossary-marker,in-text-marker,,,游戏用 {} 标出的术语，7 次,,本项目,agreed
93640dad,デバッグ,调试,proper-noun,in-text-marker,,,游戏用 {} 标出的术语，30 次,,本项目,agreed
94304e49,タータルカ,塔塔尔卡,proper-noun,in-text-marker,,,游戏用 {} 标出的术语，14 次,,本项目,agreed
946af019,プラネタリウム,天文馆,proper-noun,in-text-marker,,,游戏用 {} 标出的术语，30 次,,本项目,agreed
94a75e12,用語３７,词条３７,glossary-marker,in-text-marker,,,游戏用 {} 标出的术语，1 次,,本项目,agreed
94af695c,オッケー,好,proper-noun,in-text-marker,,,游戏用 {} 标出的术语，13 次,,本项目,agreed
94b21072,アクセス,访问,proper-noun,in-text-marker,,,游戏用 {} 标出的术语，49 次,,本项目,agreed
95851911,ワガママ,任性,proper-noun,in-text-marker,,,游戏用 {} 标出的术语，16 次,,本项目,agreed
96a8217f,用語３６,词条３６,glossary-marker,in-text-marker,,,游戏用 {} 标出的术语，1 次,,本项目,agreed
97468906,ゲット,获得,proper-noun,in-text-marker,,,游戏用 {} 标出的术语，18 次,,本项目,agreed
97b8e005,エレキベース,电贝斯,proper-noun,in-text-marker,,,游戏用 {} 标出的术语，23 次,,本项目,agreed
97b9753f,ジャジャーン,登登――,proper-noun,in-text-marker,,,游戏用 {} 标出的术语，28 次,,本项目,agreed
97d71791,モード,模式,proper-noun,in-text-marker,,,游戏用 {} 标出的术语，17 次,,本项目,agreed
987d4435,用語４０,词条４０,glossary-marker,in-text-marker,,,游戏用 {} 标出的术语，1 次,,本项目,agreed
989c105a,パラライノ,帕拉莱诺,proper-noun,in-text-marker,,,游戏用 {} 标出的术语，22 次,,本项目,agreed
98b9eb52,ライバル,宿敌,proper-noun,in-text-marker,,,游戏用 {} 标出的术语，27 次,,本项目,agreed
99e23b54,カンテレ,康特勒琴,proper-noun,in-text-marker,,,游戏用 {} 标出的术语，13 次,,本项目,agreed
9a459cea,マナー,礼仪,proper-noun,in-text-marker,,,游戏用 {} 标出的术语，14 次,,本项目,agreed
9b561711,ソフトウェアマニュアル,软件手册,proper-noun,in-text-marker,,,游戏用 {} 标出的术语，13 次,,本项目,agreed
9b8485a2,ダイブ用のスーツ,潜入用防护服,glossary-marker,in-text-marker,,,游戏用 {} 标出的术语，1 次,,本项目,agreed
9c3aa8ee,メイド,女仆,proper-noun,in-text-marker,,,游戏用 {} 标出的术语，16 次,,本项目,agreed
9c3de3b9,プラネタリーメゾン,行星公馆,glossary-marker,in-text-marker,,,游戏用 {} 标出的术语，1 次,,本项目,agreed
9c670269,デザイン・グラフィック,设计・平面,proper-noun,in-text-marker,,,游戏用 {} 标出的术语，15 次,,本项目,agreed
9d9cefac,シャールデザイン,夏尔设计,proper-noun,in-text-marker,,,游戏用 {} 标出的术语，26 次,,本项目,agreed
9dec44a3,フィギュア,手办,proper-noun,in-text-marker,,,游戏用 {} 标出的术语，45 次,,本项目,agreed
9e239f8e,メディアケーブル,媒体线缆,proper-noun,in-text-marker,,,游戏用 {} 标出的术语，15 次,,本项目,agreed
9e66ae3e,トロンネットワーク,特伦网络,proper-noun,in-text-marker,,,游戏用 {} 标出的术语，17 次,,本项目,agreed
9e768da0,シャールモデリング,夏尔建模,proper-noun,in-text-marker,,,游戏用 {} 标出的术语，26 次,,本项目,agreed
9e9c4bf3,リンカージェン,连接基因,proper-noun,in-text-marker,,,游戏用 {} 标出的术语，30 次,,本项目,agreed
9eb54681,アドレス,地址,proper-noun,in-text-marker,,,游戏用 {} 标出的术语，13 次,,本项目,agreed
9edaf53d,量子展開扉,量子展开门,glossary-marker,in-text-marker,,,游戏用 {} 标出的术语，1 次,,本项目,agreed
9f6de2ee,ヤスヒロ,康弘,proper-noun,in-text-marker,,,游戏用 {} 标出的术语，13 次,,本项目,agreed
9feee177,シーン,场景,proper-noun,in-text-marker,,,游戏用 {} 标出的术语，27 次,,本项目,agreed
a0094128,ワールドデザイン,世界设定设计,proper-noun,in-text-marker,,,游戏用 {} 标出的术语，13 次,,本项目,agreed
a063da1b,プログラミング,编程,proper-noun,in-text-marker,,,游戏用 {} 标出的术语，36 次,,本项目,agreed
a1348aac,シナリオライターセクション,编剧部门,proper-noun,in-text-marker,,,游戏用 {} 标出的术语，13 次,,本项目,agreed
a1a2c254,フィラメント,灯丝,proper-noun,in-text-marker,,,游戏用 {} 标出的术语，15 次,,本项目,agreed
a1f21e7f,ヒトガタ,人形,glossary-marker,in-text-marker,,,游戏用 {} 标出的术语，4 次,,本项目,agreed
a262eab2,ゴンドウトモヒコ,权藤知彦,proper-noun,in-text-marker,,,游戏用 {} 标出的术语，15 次,,本项目,agreed
a2f06a5c,フレンド,好友,proper-noun,in-text-marker,,,游戏用 {} 标出的术语，25 次,,本项目,agreed
a303e47a,ストロベリーセイル,草莓船,proper-noun,in-text-marker,,,游戏用 {} 标出的术语，14 次,,本项目,agreed
a3540a5b,デベロップメントマネージャー,开发经理,proper-noun,in-text-marker,,,游戏用 {} 标出的术语，26 次,,本项目,agreed
a3b9e68b,イオナサル,依欧娜萨鲁,proper-noun,in-text-marker,,依欧娜萨尔,游戏用 {} 标出的术语，754 次,,本项目,agreed
a3f1ea6e,用語４５,词条４５,glossary-marker,in-text-marker,,,游戏用 {} 标出的术语，1 次,,本项目,agreed
a4c74884,プロダクション・アイジー,Production I.G,proper-noun,in-text-marker,,,游戏用 {} 标出的术语，13 次,,本项目,agreed
a4e76430,レストラン,餐厅,proper-noun,in-text-marker,,,游戏用 {} 标出的术语，16 次,,本项目,agreed
a5075cf2,カフェットエプロン,咖啡围裙,proper-noun,in-text-marker,,,游戏用 {} 标出的术语，12 次,,本项目,agreed
a556f6f9,ファンタジー,奇幻,proper-noun,in-text-marker,,,游戏用 {} 标出的术语，18 次,,本项目,agreed
a5cd3372,一心同体,一心同体,glossary-marker,in-text-marker,,,游戏用 {} 标出的术语，1 次,,本项目,agreed
a5e60b84,バックグラウンドミュージック,背景音乐,proper-noun,in-text-marker,,,游戏用 {} 标出的术语，26 次,,本项目,agreed
a646289a,クリスマス,圣诞节,proper-noun,in-text-marker,,,游戏用 {} 标出的术语，17 次,,本项目,agreed
a7abba55,アコースティックギター,原声吉他,proper-noun,in-text-marker,,,游戏用 {} 标出的术语，71 次,,本项目,agreed
a7f2ab10,アレンジ,改编,proper-noun,in-text-marker,,,游戏用 {} 标出的术语，20 次,,本项目,agreed
a8e0b6b1,チューンシロップ,调谐糖浆,proper-noun,in-text-marker,,,游戏用 {} 标出的术语，18 次,,本项目,agreed
a8e51527,クリア,通关,proper-noun,in-text-marker,,,游戏用 {} 标出的术语，15 次,,本项目,agreed
a99c62cf,モデリング,建模,proper-noun,in-text-marker,,,游戏用 {} 标出的术语，26 次,,本项目,agreed
a9d22c4f,ヴォーカル,主唱,proper-noun,in-text-marker,,,游戏用 {} 标出的术语，111 次,,本项目,agreed
aaec690b,プリティベリー,靓丽浆果,proper-noun,in-text-marker,,,游戏用 {} 标出的术语，64 次,,本项目,agreed
ab1110fb,カード,卡片,proper-noun,in-text-marker,,,游戏用 {} 标出的术语，146 次,,本项目,agreed
ab3ea82f,タオル,毛巾,proper-noun,in-text-marker,,,游戏用 {} 标出的术语，51 次,,本项目,agreed
ab65191f,地文大司教,地文大主教,glossary-marker,in-text-marker,,,游戏用 {} 标出的术语，1 次,,本项目,agreed
ab69535c,リーベルドレス,利维尔礼服,proper-noun,in-text-marker,,,游戏用 {} 标出的术语，15 次,,本项目,agreed
ab9db84f,グランフェニックス,大凤凰,proper-noun,in-text-marker,,,游戏用 {} 标出的术语，38 次,,本项目,agreed
abfd2bec,用語１１,词条１１,glossary-marker,in-text-marker,,,游戏用 {} 标出的术语，1 次,,本项目,agreed
ac940b15,シナリオ,剧本,proper-noun,in-text-marker,,,游戏用 {} 标出的术语，48 次,,本项目,agreed
ad2a4879,サーバー,服务器,proper-noun,in-text-marker,,,游戏用 {} 标出的术语，48 次,,本项目,agreed
ad4232da,テーブル,桌子,proper-noun,in-text-marker,,,游戏用 {} 标出的术语，38 次,,本项目,agreed
ad905be0,ボタン,按钮,proper-noun,in-text-marker,,,游戏用 {} 标出的术语，90 次,,本项目,agreed
adeab690,チューブ,管体,proper-noun,in-text-marker,,,游戏用 {} 标出的术语，39 次,,本项目,agreed
ae235464,いまはカノイール･ククルル･プリシェール,如今是卡诺伊尔・酷酷鲁鲁・普立薛尔,glossary-marker,in-text-marker,,,游戏用 {} 标出的术语，1 次,,本项目,agreed
ae7bc3fc,クラスドライブ接続権限,级别驱动连接权限,glossary-marker,in-text-marker,,,游戏用 {} 标出的术语，1 次,,本项目,agreed
ae91d457,謳う丘,鸣之丘,glossary-marker,in-text-marker,,,游戏用 {} 标出的术语，1 次,,本项目,agreed
affe0ebd,ネリコポイントカード,妮莉库积分卡,proper-noun,in-text-marker,,,游戏用 {} 标出的术语，13 次,,本项目,agreed
b02e5515,ニュロスティック,喵洛棒,proper-noun,in-text-marker,,,游戏用 {} 标出的术语，16 次,,本项目,agreed
b075a321,シンクロ,同步,proper-noun,in-text-marker,,,游戏用 {} 标出的术语，13 次,,本项目,agreed
b096d140,リスト,列表,proper-noun,in-text-marker,,,游戏用 {} 标出的术语，22 次,,本项目,agreed
b0d9f2fa,カプセル,胶囊,proper-noun,in-text-marker,,,游戏用 {} 标出的术语，12 次,,本项目,agreed
b25eb16d,レコーディングスタジオ,录音室,proper-noun,in-text-marker,,,游戏用 {} 标出的术语，68 次,,本项目,agreed
b3085a2d,メンバー,成员,proper-noun,in-text-marker,,,游戏用 {} 标出的术语，16 次,,本项目,agreed
b396966c,ビッグフラワー,大花朵,proper-noun,in-text-marker,,,游戏用 {} 标出的术语，17 次,,本项目,agreed
b3a79104,スイッチ,开关,proper-noun,in-text-marker,,,游戏用 {} 标出的术语，24 次,,本项目,agreed
b3d83cd9,システム,系统,proper-noun,in-text-marker,,,游戏用 {} 标出的术语，40 次,,本项目,agreed
b483d190,コスチュームデザイン,服装设计,proper-noun,in-text-marker,,,游戏用 {} 标出的术语，13 次,,本项目,agreed
b4bbc044,フォントワークス,Fontworks,proper-noun,in-text-marker,,,游戏用 {} 标出的术语，13 次,,本项目,agreed
b4f80c74,ページ,页,proper-noun,in-text-marker,,,游戏用 {} 标出的术语，19 次,,本项目,agreed
b53db1ea,バランス,平衡,proper-noun,in-text-marker,,,游戏用 {} 标出的术语，23 次,,本项目,agreed
b564abb5,テリトリーエクスチェンジ,领地交换,glossary-marker,in-text-marker,,,游戏用 {} 标出的术语，1 次,,本项目,agreed
b593ea7f,エアポート,机场,proper-noun,in-text-marker,,,游戏用 {} 标出的术语，12 次,,本项目,agreed
b5c517e0,パーカッション,打击乐,proper-noun,in-text-marker,,,游戏用 {} 标出的术语，20 次,,本项目,agreed
b5ddd296,『ネプトロンルーム』,‘尼普特伦室’,glossary-marker,in-text-marker,,,游戏用 {} 标出的术语，1 次,,本项目,agreed
b5e27d34,ハッキリ,明确,proper-noun,in-text-marker,,,游戏用 {} 标出的术语，18 次,,本项目,agreed
b660dbc6,ミキシングエンジニア,混音工程师,proper-noun,in-text-marker,,,游戏用 {} 标出的术语，65 次,,本项目,agreed
b77dea9a,エビパン,虾面包,proper-noun,in-text-marker,,,游戏用 {} 标出的术语，12 次,,本项目,agreed
b81b238a,キャラデザイン,角色设计,proper-noun,in-text-marker,,,游戏用 {} 标出的术语，13 次,,本项目,agreed
b8747ba6,プニプニ,软绵绵,proper-noun,in-text-marker,,,游戏用 {} 标出的术语，24 次,,本项目,agreed
b97989f7,シェルノトロン・パニック,榭鲁诺特伦恐慌,glossary-marker,in-text-marker,,,游戏用 {} 标出的术语，3 次,,本项目,agreed
b982202f,ーーーー,――――,proper-noun,in-text-marker,,,游戏用 {} 标出的术语，17 次,,本项目,agreed
b9945947,チョコレート,巧克力,proper-noun,in-text-marker,,,游戏用 {} 标出的术语，12 次,,本项目,agreed
b9a1f6f2,6軸移動,6轴移动,glossary-marker,in-text-marker,,,游戏用 {} 标出的术语，1 次,,本项目,agreed
ba0b8e1e,ウェーブ,波动,proper-noun,in-text-marker,,,游戏用 {} 标出的术语，36 次,,本项目,agreed
ba1e15ed,アルノサージュ,Ar nosurge,proper-noun,in-text-marker,,,游戏用 {} 标出的术语，51 次,,本项目,agreed
ba622ae6,用語２３,词条２３,glossary-marker,in-text-marker,,,游戏用 {} 标出的术语，1 次,,本项目,agreed
ba8c67df,ドラゴン,龙,proper-noun,in-text-marker,,,游戏用 {} 标出的术语，12 次,,本项目,agreed
ba95ad50,ラシェールクイーン,拉榭拉女王,proper-noun,in-text-marker,,,游戏用 {} 标出的术语，17 次,,本项目,agreed
bb1e67b6,"ジェノム側から人間と同調して、
詩魔法を謳わせる","由杰诺姆侧与人类同调，
令其咏唱诗魔法",glossary-marker,in-text-marker,,,游戏用 {} 标出的术语，1 次,,本项目,agreed
bc1a2abb,メガネ,眼镜,proper-noun,in-text-marker,,,游戏用 {} 标出的术语，46 次,,本项目,agreed
bd74e4e8,ジェノムは天文幹部を次々と乗っ取って暴走した,杰诺姆相继夺取天文干部的身体并暴走,glossary-marker,in-text-marker,,,游戏用 {} 标出的术语，1 次,,本项目,agreed
bd7e1290,用語４４,词条４４,glossary-marker,in-text-marker,,,游戏用 {} 标出的术语，1 次,,本项目,agreed
bddc00b4,オープニングムービー,片头影像,proper-noun,in-text-marker,,,游戏用 {} 标出的术语，13 次,,本项目,agreed
bed0d9d6,ブロッコリー,西兰花,proper-noun,in-text-marker,,,游戏用 {} 标出的术语，15 次,,本项目,agreed
bf3d4468,キノコ,蘑菇,proper-noun,in-text-marker,,,游戏用 {} 标出的术语，50 次,,本项目,agreed
bf99f399,パレード,游行,proper-noun,in-text-marker,,,游戏用 {} 标出的术语，17 次,,本项目,agreed
bfb236f4,レート,比率,proper-noun,in-text-marker,,,游戏用 {} 标出的术语，12 次,,本项目,agreed
c0740930,プライムグラス,优质杯,proper-noun,in-text-marker,,,游戏用 {} 标出的术语，19 次,,本项目,agreed
c0a7237e,ジャンボパフェ,特大芭菲,proper-noun,in-text-marker,,,游戏用 {} 标出的术语，17 次,,本项目,agreed
c1431482,カレー,咖喱,proper-noun,in-text-marker,,,游戏用 {} 标出的术语，27 次,,本项目,agreed
c1bb54df,スキル,技能,proper-noun,in-text-marker,,,游戏用 {} 标出的术语，66 次,,本项目,agreed
c1c661b0,インターフェースデザイン,界面设计,proper-noun,in-text-marker,,,游戏用 {} 标出的术语，13 次,,本项目,agreed
c1f10659,コンデン,冷凝,proper-noun,in-text-marker,,,游戏用 {} 标出的术语，14 次,,本项目,agreed
c34e651c,アートディレクター,艺术总监,proper-noun,in-text-marker,,,游戏用 {} 标出的术语，13 次,,本项目,agreed
c367ef50,エセンエリタス,艾森埃利塔斯,proper-noun,in-text-marker,,,游戏用 {} 标出的术语，12 次,,本项目,agreed
c3902bab,パニック,恐慌,proper-noun,in-text-marker,,,游戏用 {} 标出的术语，13 次,,本项目,agreed
c3cd2ae2,用語３２,词条３２,glossary-marker,in-text-marker,,,游戏用 {} 标出的术语，1 次,,本项目,agreed
c4035268,モロッカ,莫罗卡,proper-noun,in-text-marker,,,游戏用 {} 标出的术语，27 次,,本项目,agreed
c497c463,チューブカンパニー,管体公司,proper-noun,in-text-marker,,,游戏用 {} 标出的术语，14 次,,本项目,agreed
c4cc59f0,『ネプトロン』,‘尼普特伦’,glossary-marker,in-text-marker,,,游戏用 {} 标出的术语，1 次,,本项目,agreed
c55e82e9,エピソード,篇章,proper-noun,in-text-marker,,,游戏用 {} 标出的术语，14 次,,本项目,agreed
c5d5c279,バーコード,条形码,proper-noun,in-text-marker,,,游戏用 {} 标出的术语，15 次,,本项目,agreed
c6653ec7,パフェ,芭菲,proper-noun,in-text-marker,,,游戏用 {} 标出的术语，52 次,,本项目,agreed
c6a46d64,メゾン・セントリア,中央公馆,glossary-marker,in-text-marker,,,游戏用 {} 标出的术语，1 次,,本项目,agreed
c6a5665f,コスチューム,服装,proper-noun,in-text-marker,,,游戏用 {} 标出的术语，13 次,,本项目,agreed
c72e99fe,ダイブ,潜入,glossary-marker,in-text-marker,,,游戏用 {} 标出的术语，1 次,,本项目,agreed
c77f8820,万寿沙羅区,万寿沙罗区,glossary-marker,in-text-marker,,,游戏用 {} 标出的术语，1 次,,本项目,agreed
c78675af,ミソデココ,椰果味噌,proper-noun,in-text-marker,,,游戏用 {} 标出的术语，14 次,,本项目,agreed
c798f0fa,シチュエーション,情境,proper-noun,in-text-marker,,,游戏用 {} 标出的术语，12 次,,本项目,agreed
c876f34d,断線,断线,glossary-marker,in-text-marker,,,游戏用 {} 标出的术语，4 次,,本项目,agreed
c8895cc2,フロンティアワークス,Frontier Works,proper-noun,in-text-marker,,,游戏用 {} 标出的术语，26 次,,本项目,agreed
c8a10bab,ジャム,果酱,proper-noun,in-text-marker,,,游戏用 {} 标出的术语，16 次,,本项目,agreed
c8fb0867,レッドフレーム,红框,proper-noun,in-text-marker,,,游戏用 {} 标出的术语，15 次,,本项目,agreed
c9324d52,対波動シェル,对波动外壳,glossary-marker,in-text-marker,,,游戏用 {} 标出的术语，1 次,,本项目,agreed
c973e21d,ケーキ,蛋糕,proper-noun,in-text-marker,,,游戏用 {} 标出的术语，70 次,,本项目,agreed
c9d4e1da,ムード,气氛,proper-noun,in-text-marker,,,游戏用 {} 标出的术语，18 次,,本项目,agreed
ca521d4f,セカイ,世界,proper-noun,in-text-marker,,,游戏用 {} 标出的术语，250 次,,本项目,agreed
ca80f599,ホント,真的,proper-noun,in-text-marker,,,游戏用 {} 标出的术语，120 次,,本项目,agreed
cab9ec7b,コーヒー,咖啡,proper-noun,in-text-marker,,,游戏用 {} 标出的术语，45 次,,本项目,agreed
caca6669,用語４２,词条４２,glossary-marker,in-text-marker,,,游戏用 {} 标出的术语，1 次,,本项目,agreed
cca2dae6,ブレイブハーツ,Brave Hearts,proper-noun,in-text-marker,,,游戏用 {} 标出的术语，13 次,,本项目,agreed
ccc33c63,スタイル,风格,proper-noun,in-text-marker,,,游戏用 {} 标出的术语，12 次,,本项目,agreed
ccefcb2c,救星イオン応援団,救星依恩应援团,glossary-marker,in-text-marker,,,游戏用 {} 标出的术语，3 次,,本项目,agreed
cd336112,サイズ,尺寸,proper-noun,in-text-marker,,,游戏用 {} 标出的术语，45 次,,本项目,agreed
cd862d42,フェスティバル,节日,proper-noun,in-text-marker,,,游戏用 {} 标出的术语，17 次,,本项目,agreed
ce315375,ドクトルコート,医生大褂,proper-noun,in-text-marker,,,游戏用 {} 标出的术语，12 次,,本项目,agreed
cef9d1fa,ミラクルワーム,奇迹蠕虫,glossary-marker,in-text-marker,,,游戏用 {} 标出的术语，1 次,,本项目,agreed
d146b38f,ハンバーグ,汉堡排,proper-noun,in-text-marker,,,游戏用 {} 标出的术语，30 次,,本项目,agreed
d1a693d2,シスターメギド,修女梅吉多,proper-noun,in-text-marker,,,游戏用 {} 标出的术语，13 次,,本项目,agreed
d1b4e4f8,シスター,修女,proper-noun,in-text-marker,,,游戏用 {} 标出的术语，13 次,,本项目,agreed
d1c4382e,アイリッシュブズーキー,爱尔兰布祖基琴,proper-noun,in-text-marker,,,游戏用 {} 标出的术语，15 次,,本项目,agreed
d28,D28区域,D28区域,glossary-marker,in-text-marker,,,游戏用 {} 标出的术语，1 次,,本项目,agreed
d32cd8eb,オフライン,离线,proper-noun,in-text-marker,,,游戏用 {} 标出的术语，14 次,,本项目,agreed
d34a0b6d,タイミング,时机,proper-noun,in-text-marker,,,游戏用 {} 标出的术语，32 次,,本项目,agreed
d38f8d4e,チキチキポン,奇奇砰,glossary-marker,in-text-marker,,,游戏用 {} 标出的术语，1 次,,本项目,agreed
d3ca8a81,ガラス,玻璃,proper-noun,in-text-marker,,,游戏用 {} 标出的术语，27 次,,本项目,agreed
d3def400,セリフ,台词,proper-noun,in-text-marker,,,游戏用 {} 标出的术语，21 次,,本项目,agreed
d43c0fd3,ミュージックディレクター,音乐总监,proper-noun,in-text-marker,,,游戏用 {} 标出的术语，13 次,,本项目,agreed
d4d63da9,データ,数据,proper-noun,in-text-marker,,,游戏用 {} 标出的术语，44 次,,本项目,agreed
d5f34b97,ケンカ,吵架,proper-noun,in-text-marker,,,游戏用 {} 标出的术语，37 次,,本项目,agreed
d6a3164c,コップ,水杯,proper-noun,in-text-marker,,,游戏用 {} 标出的术语，13 次,,本项目,agreed
d71db03e,ロング,长款,proper-noun,in-text-marker,,,游戏用 {} 标出的术语，17 次,,本项目,agreed
d720ac11,アルバム,相册,proper-noun,in-text-marker,,,游戏用 {} 标出的术语，37 次,,本项目,agreed
d7c254cc,ジャンク,废品,proper-noun,in-text-marker,,,游戏用 {} 标出的术语，17 次,,本项目,agreed
d873d27b,チーム,团队,proper-noun,in-text-marker,,,游戏用 {} 标出的术语，12 次,,本项目,agreed
d8f97a2e,アルノレシーブ,Ar nosurge接收,proper-noun,in-text-marker,,,游戏用 {} 标出的术语，17 次,,本项目,agreed
d91ab955,第２世代シェルノトロンサーバー,第2世代榭鲁诺特伦服务器,glossary-marker,in-text-marker,,,游戏用 {} 标出的术语，1 次,,本项目,agreed
d97d2e42,用語４３,词条４３,glossary-marker,in-text-marker,,,游戏用 {} 标出的术语，1 次,,本项目,agreed
d9d966e5,フォロー,关注,proper-noun,in-text-marker,,,游戏用 {} 标出的术语，39 次,,本项目,agreed
da4af968,フラスク,烧瓶,proper-noun,in-text-marker,,,游戏用 {} 标出的术语，12 次,,本项目,agreed
da5911cf,ーション,动作,proper-noun,in-text-marker,,,游戏用 {} 标出的术语，20 次,,本项目,agreed
dcee02fe,レコーディングエンジニア,录音工程师,proper-noun,in-text-marker,,,游戏用 {} 标出的术语，44 次,,本项目,agreed
dd0c918b,シーズホワイト,种子白,proper-noun,in-text-marker,,,游戏用 {} 标出的术语，13 次,,本项目,agreed
dd3c0992,ミキシング,混音,proper-noun,in-text-marker,,,游戏用 {} 标出的术语，25 次,,本项目,agreed
de92f995,ベッド,床,proper-noun,in-text-marker,,,游戏用 {} 标出的术语，54 次,,本项目,agreed
ded68a97,フォトン,光子,proper-noun,in-text-marker,,,游戏用 {} 标出的术语，12 次,,本项目,agreed
deff1678,カップル,情侣,proper-noun,in-text-marker,,,游戏用 {} 标出的术语，60 次,,本项目,agreed
df333395,コーエーテクモゲームス,光荣特库摩游戏,proper-noun,in-text-marker,,,游戏用 {} 标出的术语，13 次,,本项目,agreed
df5fc0ca,地位の低い最下層民,地位低下的最底层民众,glossary-marker,in-text-marker,,,游戏用 {} 标出的术语，1 次,,本项目,agreed
e00a82c1,ポールトゥウィン,Pole To Win,proper-noun,in-text-marker,,,游戏用 {} 标出的术语，39 次,,本项目,agreed
e10b735e,用語４,词条４,glossary-marker,in-text-marker,,,游戏用 {} 标出的术语，1 次,,本项目,agreed
e148396e,エッチ,下流,proper-noun,in-text-marker,,,游戏用 {} 标出的术语，72 次,,本项目,agreed
e18b1ea1,イベント,事件,proper-noun,in-text-marker,,,游戏用 {} 标出的术语，53 次,,本项目,agreed
e1f20098,イタズラ,恶作剧,proper-noun,in-text-marker,,,游戏用 {} 标出的术语，24 次,,本项目,agreed
e213dd6a,用語１,词条１,glossary-marker,in-text-marker,,,游戏用 {} 标出的术语，1 次,,本项目,agreed
e2a07557,レシピブック,配方书,proper-noun,in-text-marker,,,游戏用 {} 标出的术语，23 次,,本项目,agreed
e2a7c4ba,プライベート,私人,proper-noun,in-text-marker,,,游戏用 {} 标出的术语，15 次,,本项目,agreed
e306de5e,コンコン,咚咚,proper-noun,in-text-marker,,,游戏用 {} 标出的术语，39 次,,本项目,agreed
e30cceba,カエル,青蛙,proper-noun,in-text-marker,,,游戏用 {} 标出的术语，19 次,,本项目,agreed
e38e9865,ラブラブ,亲亲密密,proper-noun,in-text-marker,,,游戏用 {} 标出的术语，323 次,,本项目,agreed
e3aedcde,エルリンクス,艾尔林克斯,proper-noun,in-text-marker,,,游戏用 {} 标出的术语，26 次,,本项目,agreed
e48a1795,アイス,冰淇淋,proper-noun,in-text-marker,,,游戏用 {} 标出的术语，21 次,,本项目,agreed
e5905198,コンパウンドケーキ,复合蛋糕,proper-noun,in-text-marker,,,游戏用 {} 标出的术语，19 次,,本项目,agreed
e6073ae3,ユーザー,用户,proper-noun,in-text-marker,,,游戏用 {} 标出的术语，105 次,,本项目,agreed
e65583cb,シェルノトロンを貸してくれ,借我榭鲁诺特伦吧,glossary-marker,in-text-marker,,,游戏用 {} 标出的术语，1 次,,本项目,agreed
e6724c7a,ランク,阶级,proper-noun,in-text-marker,,,游戏用 {} 标出的术语，12 次,,本项目,agreed
e6752916,アイドル,偶像,proper-noun,in-text-marker,,,游戏用 {} 标出的术语，12 次,,本项目,agreed
e6f23f00,コーラス,和声,proper-noun,in-text-marker,,,游戏用 {} 标出的术语，116 次,,本项目,agreed
e7396dae,ショッピングセンター,购物中心,proper-noun,in-text-marker,,,游戏用 {} 标出的术语，87 次,,本项目,agreed
e7676d6c,ワクワク,满怀期待,proper-noun,in-text-marker,,,游戏用 {} 标出的术语，55 次,,本项目,agreed
e7e7e13f,レンズ,镜片,proper-noun,in-text-marker,,,游戏用 {} 标出的术语，21 次,,本项目,agreed
e8306f6c,チャーハン,炒饭,proper-noun,in-text-marker,,,游戏用 {} 标出的术语，17 次,,本项目,agreed
e91e2030,バイオス屋,BIOS屋,glossary-marker,in-text-marker,,,游戏用 {} 标出的术语，1 次,,本项目,agreed
e988ec9e,リボン,缎带,proper-noun,in-text-marker,,,游戏用 {} 标出的术语，17 次,,本项目,agreed
e9b1131f,アイテム,道具,proper-noun,in-text-marker,,,游戏用 {} 标出的术语，95 次,,本项目,agreed
ea1d70b7,マイクロクエーサー,微类星体,glossary-marker,in-text-marker,,,游戏用 {} 标出的术语，1 次,,本项目,agreed
ea375e70,「救星イオン応援団」,“救星依恩应援团”,glossary-marker,in-text-marker,,,游戏用 {} 标出的术语，1 次,,本项目,agreed
eabd3772,カタログ,目录,proper-noun,in-text-marker,,,游戏用 {} 标出的术语，27 次,,本项目,agreed
ebf2f696,インターディメンド,跨维度,glossary-marker,in-text-marker,,,游戏用 {} 标出的术语，2 次,,本项目,agreed
ec1d7ab2,ミュジル,缪汁,proper-noun,in-text-marker,,,游戏用 {} 标出的术语，13 次,,本项目,agreed
ed058a1a,デザイナー,设计师,proper-noun,in-text-marker,,,游戏用 {} 标出的术语，13 次,,本项目,agreed
ed3a14b2,コミュニケーション,交流,proper-noun,in-text-marker,,,游戏用 {} 标出的术语，13 次,,本项目,agreed
edfd4fa8,ジャンケン,猜拳,proper-noun,in-text-marker,,,游戏用 {} 标出的术语，12 次,,本项目,agreed
ef11badb,用語１３,词条１３,glossary-marker,in-text-marker,,,游戏用 {} 标出的术语，1 次,,本项目,agreed
f02359e5,ナイトフロッガー,夜间青蛙,proper-noun,in-text-marker,,,游戏用 {} 标出的术语，17 次,,本项目,agreed
f0b882bd,スベスベ,光滑溜溜,proper-noun,in-text-marker,,,游戏用 {} 标出的术语，19 次,,本项目,agreed
f10633c1,コーンコン,咚咚咚,proper-noun,in-text-marker,,,游戏用 {} 标出的术语，20 次,,本项目,agreed
f205ea28,ラシェール・フューザー,拉榭拉融合器,glossary-marker,in-text-marker,,,游戏用 {} 标出的术语，1 次,,本项目,agreed
f33c859f,７次元論,7次元论,glossary-marker,in-text-marker,,,游戏用 {} 标出的术语，1 次,,本项目,agreed
f58ac571,シンプル,简约,proper-noun,in-text-marker,,,游戏用 {} 标出的术语，33 次,,本项目,agreed
f5e55385,情報集約都市アルメティカ,信息集约都市阿尔梅堤嘉,glossary-marker,in-text-marker,,,游戏用 {} 标出的术语，1 次,,本项目,agreed
f5ecde1e,用語２５,词条２５,glossary-marker,in-text-marker,,,游戏用 {} 标出的术语，1 次,,本项目,agreed
f5f3291e,用語１８,词条１８,glossary-marker,in-text-marker,,,游戏用 {} 标出的术语，1 次,,本项目,agreed
f64fc2a9,スフィリアルリング,天球环,glossary-marker,in-text-marker,,,游戏用 {} 标出的术语，1 次,,本项目,agreed
f6926314,サウンドセクション,音效部门,proper-noun,in-text-marker,,,游戏用 {} 标出的术语，13 次,,本项目,agreed
f6979c09,テンション,兴致,proper-noun,in-text-marker,,,游戏用 {} 标出的术语，18 次,,本项目,agreed
f6e7d2fd,ジェノミライムービー,杰诺米莱伊影像,proper-noun,in-text-marker,,,游戏用 {} 标出的术语，13 次,,本项目,agreed
f77016e4,ポイントカード,积分卡,proper-noun,in-text-marker,,,游戏用 {} 标出的术语，14 次,,本项目,agreed
f7c1081f,統率の詩,统率之诗,glossary-marker,in-text-marker,,,游戏用 {} 标出的术语，1 次,,本项目,agreed
f7c2aac2,エレベイタ,升降机,proper-noun,in-text-marker,,,游戏用 {} 标出的术语，32 次,,本项目,agreed
f8a416a0,天香区,天香区,glossary-marker,in-text-marker,,,游戏用 {} 标出的术语，1 次,,本项目,agreed
f8cb577f,メギド,梅吉多,proper-noun,in-text-marker,,,游戏用 {} 标出的术语，32 次,,本项目,agreed
f90ebd6d,フォーム,形态,proper-noun,in-text-marker,,,游戏用 {} 标出的术语，14 次,,本项目,agreed
f95b3ad8,用語３０,词条３０,glossary-marker,in-text-marker,,,游戏用 {} 标出的术语，1 次,,本项目,agreed
f9641cb6,用語３３,词条３３,glossary-marker,in-text-marker,,,游戏用 {} 标出的术语，1 次,,本项目,agreed
f9c2bb1a,ホイッスル,哨子,proper-noun,in-text-marker,,,游戏用 {} 标出的术语，15 次,,本项目,agreed
fa7a65a4,コンテ・,分镜・,proper-noun,in-text-marker,,,游戏用 {} 标出的术语，27 次,,本项目,agreed
faa6e701,ヒント,提示,proper-noun,in-text-marker,,,游戏用 {} 标出的术语，19 次,,本项目,agreed
fafa32e8,ルール,规则,proper-noun,in-text-marker,,,游戏用 {} 标出的术语，12 次,,本项目,agreed
fafbc546,ピッタリ,正合适,proper-noun,in-text-marker,,,游戏用 {} 标出的术语，24 次,,本项目,agreed
fb3a3ef6,チュートリアル,教程,proper-noun,in-text-marker,,,游戏用 {} 标出的术语，14 次,,本项目,agreed
fb6e4872,カメラ,相机,proper-noun,in-text-marker,,,游戏用 {} 标出的术语，14 次,,本项目,agreed
fd37704d,プレート,铭牌,proper-noun,in-text-marker,,,游戏用 {} 标出的术语，29 次,,本项目,agreed
fd395d8b,チャンス,机会,proper-noun,in-text-marker,,,游戏用 {} 标出的术语，35 次,,本项目,agreed
feb67d5d,重力場発生装置,重力场发生装置,glossary-marker,in-text-marker,,,游戏用 {} 标出的术语，1 次,,本项目,agreed
fed505d7,用語３５,词条３５,glossary-marker,in-text-marker,,,游戏用 {} 标出的术语，1 次,,本项目,agreed
ff24310d,アルノサージュ管,Ar nosurge管,glossary-marker,in-text-marker,,,游戏用 {} 标出的术语，2 次,,本项目,agreed
ff9ca079,ボーッ,发呆,proper-noun,in-text-marker,,,游戏用 {} 标出的术语，12 次,,本项目,agreed
g2-2,G2管,G2管,glossary-marker,in-text-marker,,,游戏用 {} 标出的术语，1 次,,本项目,agreed
grna,gRNAウィルスβ,gRNA病毒β,glossary-marker,in-text-marker,,,游戏用 {} 标出的术语，2 次,,本项目,agreed
grna-2,gRNAウィルスα,gRNA病毒α,glossary-marker,in-text-marker,,,游戏用 {} 标出的术语，1 次,,本项目,agreed
plasma-4,PLASMA,PLASMA,glossary-marker,in-text-marker,,,游戏用 {} 标出的术语，8 次,,本项目,agreed
reon-4213,REON-4213,REON-4213,glossary-marker,in-text-marker,,,游戏用 {} 标出的术语，1 次,,本项目,agreed
shs,SHSヘテロマイシン,SHS杂霉素,glossary-marker,in-text-marker,,,游戏用 {} 标出的术语，3 次,,本项目,agreed
txbios,TxBIOS,TxBIOS,glossary-marker,in-text-marker,,,游戏用 {} 标出的术语，4 次,,本项目,agreed
052289a3,ワイヤーシップ,线导船,term,official,線導船,,,,光荣特库摩台湾官方公开资料,fixed
08dc89c1,コロン,克隆,term,official,克隆,可隆|科隆,,,光荣特库摩台湾官方公开资料,fixed
0a2ae4f1,アルメティカ,阿尔梅堤嘉,term,official,阿爾梅堤嘉,,,,光荣特库摩台湾官方公开资料,fixed
0bc2e548,グレイコフ,古雷柯夫,character,official,古雷柯夫,格雷科夫,,,光荣特库摩台湾官方公开资料,fixed
115fd6b0,パークパスニュロン,主题乐园护照纽伦,term,official,主題樂園護照紐倫,,,,光荣特库摩台湾官方公开资料,fixed
14abe460,ジェノム,杰诺姆,term,official,傑諾姆,基因组,,,光荣特库摩台湾官方公开资料,fixed
155f9904,俯瞰視点,俯瞰视点,term,official,俯瞰視點,,,,光荣特库摩台湾官方公开资料,fixed
198d15ea,皇帝,皇帝,term,official,皇帝,,,,光荣特库摩台湾官方公开资料,fixed
22d9787a,クオリア中心,感质中心,term,official,感質中心,,,,光荣特库摩台湾官方公开资料,fixed
23a3a84b,リーヴェルト,利维尔特,character,official,利維爾特,利威尔特,,,光荣特库摩台湾官方公开资料,fixed
26578e09,万寿沙羅,万寿沙罗,term,official,萬壽沙羅,,,,光荣特库摩台湾官方公开资料,fixed
2df43879,ベゼル,贝捷尔,term,official,貝捷爾,,,,光荣特库摩台湾官方公开资料,fixed
3a0e08fc,ネプトロン,尼普特伦,term,official,尼普特倫,,,,光荣特库摩台湾官方公开资料,fixed
408b88f1,にゅろきー,喵洛基,term,official,喵洛基,尼罗基|纽洛基|纽罗基,,,光荣特库摩台湾官方公开资料,fixed
472bff30,ジェノメトリクス,梦世界,term,official,夢世界,,,,光荣特库摩台湾官方公开资料,fixed
48b32303,ぱれす・にゅろきーる,喵洛基鲁・王宫,term,official,喵洛基魯・王宮,,,,光荣特库摩台湾官方公开资料,fixed
4af4755e,ネプトロンタワー,尼普特伦塔,term,official,尼普特倫塔,,,,光荣特库摩台湾官方公开资料,fixed
4f85667d,ウェーブバースト,波动爆炸,term,official,波動爆炸,波动爆发,,,光荣特库摩台湾官方公开资料,fixed
56d6edb9,ジル,吉鲁,character,official,吉魯,,,,光荣特库摩台湾官方公开资料,fixed
5a6fa752,カノン,卡诺,character,official,卡諾,加农|卡侬|卡农,,,光荣特库摩台湾官方公开资料,fixed
5ab7665c,ネロ,妮诺,character,official,妮諾,内罗|尼禄|涅罗,,,光荣特库摩台湾官方公开资料,fixed
676c9370,クレイドル,支架,term,official,支架,,,,光荣特库摩台湾官方公开资料,fixed
6b66ffd1,カノイール・ククルル・プリシェール,卡诺伊尔・酷酷鲁鲁・普立薛尔,character,official,卡諾伊爾・酷酷魯魯・普立薛爾,,,,光荣特库摩台湾官方公开资料,fixed
6cbfb88c,グランフェニックス計画,大凤凰计划,term,official,大鳳凰計劃,,,,光荣特库摩台湾官方公开资料,fixed
6f09ba38,パレス・ニュロキール,喵洛基鲁・王宫,term,official,喵洛基魯・王宮,,,,光荣特库摩台湾官方公开资料,fixed
6f807afc,キャス,凯斯,character,official,凱斯,凯丝,,,光荣特库摩台湾官方公开资料,fixed
79725f10,波動科学,波动科学,term,official,波動科學,,,,光荣特库摩台湾官方公开资料,fixed
7b27ecf1,同調,同调,term,official,同調,,,,光荣特库摩台湾官方公开资料,fixed
80f8839b,白鷹,白鹰,character,official,白鷹,,,,光荣特库摩台湾官方公开资料,fixed
8665ec26,ジェノミライパンデミック,杰诺米莱伊瘟疫,term,official,傑諾米萊伊瘟疫,,,,光荣特库摩台湾官方公开资料,fixed
8884de35,地文,地文,term,official,地文,,,,光荣特库摩台湾官方公开资料,fixed
89b50863,ねりこ,妮莉库,character,official,妮莉庫,内莉子|涅莉可,,,光荣特库摩台湾官方公开资料,fixed
8a6ca8f1,サーリ,莎丽,character,official,莎麗,莎莉|萨里,,,光荣特库摩台湾官方公开资料,fixed
8bb9851f,ぱれす,王宫,term,official,王宮,,,,光荣特库摩台湾官方公开资料,fixed
8ed89b2f,シェル,榭鲁,term,official,榭魯,,,,光荣特库摩台湾官方公开资料,fixed
8f4f5c85,ジェノミライ,杰诺米莱伊,term,official,傑諾米萊伊,,,,光荣特库摩台湾官方公开资料,fixed
8fb29067,ジェノメトリック・カソード,杰诺梅特利库・阴极,term,official,傑諾梅特利庫・陰極,,,,光荣特库摩台湾官方公开资料,fixed
90d4718c,イオン,依恩,character,official,依恩,伊恩|伊昂|伊翁,,,光荣特库摩台湾官方公开资料,fixed
91873c61,クオンタイズ,库翁泰兹,term,official,庫翁泰茲,,,,光荣特库摩台湾官方公开资料,fixed
962299a4,アルメティカ図書館,阿尔梅堤嘉图书馆,term,official,阿爾梅堤嘉圖書館,,,,光荣特库摩台湾官方公开资料,fixed
9880d2a3,キャスティ,凯斯蒂,character,official,凱斯蒂,,,,光荣特库摩台湾官方公开资料,fixed
a0a5f690,ニュロキー,喵洛基,character,official,喵洛基,尼罗基|纽洛基|纽罗基,,,光荣特库摩台湾官方公开资料,fixed
a4d6f4f1,シェルノトロン,榭鲁诺特伦,term,official,榭魯諾特倫,榭鲁诺托伦|歇尔诺琴|谢尔诺特伦|颂歌特伦,,,光荣特库摩台湾官方公开资料,fixed
a63fca55,7次元俯瞰理論,7次元俯瞰理论,term,official,7次元俯瞰理論,,,,光荣特库摩台湾官方公开资料,fixed
a91faf42,ルル,缕缕,term,official,縷縷,,,,光荣特库摩台湾官方公开资料,fixed
aba0da7d,シャール,夏尔,term,official,夏爾,沙尔|莎尔,,,光荣特库摩台湾官方公开资料,fixed
af37bdc1,シェルノサージュ,靜籟之空,静籁之空,official,"used by Bahamut / Wikipedia, NOT the publisher official title",,,,光荣特库摩台湾官方公开资料,fixed
b46f0c42,大法要,大法要,term,official,大法要,,,,光荣特库摩台湾官方公开资料,fixed
b470c4a0,クラケット,库拉肯特,character,official,庫拉肯特,库拉克特,,,光荣特库摩台湾官方公开资料,fixed
b4c62704,ソレイル,太阳号,term,official,太陽號,索莱尔|索雷依尔,,,光荣特库摩台湾官方公开资料,fixed
b6259380,地文調停十二支,地文调停十二支,term,official,地文調停十二支,,,,光荣特库摩台湾官方公开资料,fixed
b63f5a69,イオナサル・ククルル・プリシェール,依欧娜萨鲁・库库鲁鲁・普立薛尔,character,official,依歐娜薩魯・庫庫魯魯・普立薛爾,,,,光荣特库摩台湾官方公开资料,fixed
b73a299d,レナルル,蕾娜露露,character,official,蕾娜露露,莱娜露露,,,光荣特库摩台湾官方公开资料,fixed
b7d83955,コロン・フォーシーズン,克隆四季,term,official,克隆四季,,,,光荣特库摩台湾官方公开资料,fixed
be218a88,ター坊,阿达,character,official,阿達,,,,光荣特库摩台湾官方公开资料,fixed
c6d957da,縦貫坑道,纵贯坑道,term,official,縱貫坑道,,,,光荣特库摩台湾官方公开资料,fixed
c6f8a22a,皇女,皇女,term,official,皇女,,,,光荣特库摩台湾官方公开资料,fixed
cda3f270,プラム,布拉姆,character,official,布拉姆,,,,光荣特库摩台湾官方公开资料,fixed
ce86d6f5,ダイバー,潜行者,term,official,潛行者,,,,光荣特库摩台湾官方公开资料,fixed
ce98c0f0,テレフンケン,泰雷芬肯,character,official,泰雷芬肯,德律风根,,,光荣特库摩台湾官方公开资料,fixed
cfc0acd6,ラシェーラ,拉榭拉,term,official,拉榭拉,拉塞拉|拉歇拉|拉谢拉,,,光荣特库摩台湾官方公开资料,fixed
d29af0da,ネプツール,尼普楚尔,character,official,尼普楚爾,涅普图尔,,,光荣特库摩台湾官方公开资料,fixed
d46b5cf5,皇位継承の儀,皇位继承仪式,term,official,皇位繼承儀式,,,,光荣特库摩台湾官方公开资料,fixed
d746b22f,天文,天文,term,official,天文,,,,光荣特库摩台湾官方公开资料,fixed
d8d5ad60,ウンドゥ,温多,character,official,溫多,,,,光荣特库摩台湾官方公开资料,fixed
dd82b752,ネイ,妮伊,character,official,妮伊,,,,光荣特库摩台湾官方公开资料,fixed
e3792d14,詩魔法,诗魔法,term,official,詩魔法,,,,光荣特库摩台湾官方公开资料,fixed
eb4ec8b9,ウタヒメ,诗姬,term,official,詩姫,,,,光荣特库摩台湾官方公开资料,fixed
f439bb4c,シェルノサージュ ～失われた星へ捧ぐ詩～,Ciel nosurge～獻給失落之星的詩篇,Ciel nosurge～献给失落之星的诗篇,official,KOEI TECMO Taiwan official site title,,,,光荣特库摩台湾官方公开资料,fixed
g2,G2トロン,G2特伦,term,official,G2特倫,,,,光荣特库摩台湾官方公开资料,fixed
plasma,PLASMA機密情報局,PLASMA机密情报局,term,official,PLASMA機密情報局,,,,光荣特库摩台湾官方公开资料,fixed
tz,Tz波,Tz波,term,official,Tz波,,,,光荣特库摩台湾官方公开资料,fixed
020ce75b,地文司教,地文主教,character,speaker,,,说话人名牌，1 次,,本项目,agreed
02498559,神官Ｂ,神官Ｂ,character,speaker,,,说话人名牌，18 次,CHARA_NPC98,本项目,agreed
044c238b,エージェントＥ,特工Ｅ,character,speaker,,,说话人名牌，4 次,CHARA_NPC91,本项目,agreed
07d3c83d,警備兵Ｃ,警卫Ｃ,character,speaker,,,说话人名牌，8 次,CHARA_NPC93,本项目,agreed
07e2273d,男Ｅ・Ｆ,男子Ｅ・Ｆ,character,speaker,,,说话人名牌，1 次,,本项目,agreed
1-3,【リンクに必要な条件(1/3)】,【链接所需条件(1/3)】,character,speaker,,,说话人名牌，1 次,,本项目,agreed
1-3-2,【アイテム転送特記(1/3)】,【道具传送特别说明(1/3)】,character,speaker,,,说话人名牌，1 次,,本项目,agreed
1-3-3,【リンクのススメ(1/3)】,【链接推荐(1/3)】,character,speaker,,,说话人名牌，1 次,,本项目,agreed
1-4,【セカイリンクとは(1/4)】,【何谓世界链接(1/4)】,character,speaker,,,说话人名牌，1 次,,本项目,agreed
1-5,【ジェノミリンクとは(1/5)】,【何谓杰诺米链接(1/5)】,character,speaker,,,说话人名牌，1 次,,本项目,agreed
1-8,【リンクのタイミング(1/8)】,【链接的时机(1/8)】,character,speaker,,,说话人名牌，1 次,,本项目,agreed
10ffd354,ネロＢ,妮诺Ｂ,character,speaker,,,说话人名牌，9 次,CHARA_PC26,本项目,agreed
114b93f8,警備兵Ｂ,警卫Ｂ,character,speaker,,,说话人名牌，57 次,CHARA_NPC92,本项目,agreed
118fd485,女子生徒Ａ・Ｂ,女学生Ａ・Ｂ,character,speaker,,,说话人名牌，1 次,,本项目,agreed
17eaa7ec,キャス・サーリ,凯斯・莎丽,character,speaker,,,说话人名牌，16 次,,本项目,agreed
19c83044,ウンドゥ　,温多,character,speaker,,,说话人名牌，426 次,CHARA_PC98,本项目,agreed
1c6f5779,クーリン,库琳,character,speaker,,,说话人名牌，471 次,CHARA_PC10,本项目,agreed
1cddc904,【パートナーを選ぼう！】,【选择搭档吧！】,character,speaker,,,说话人名牌，15 次,,本项目,agreed
1e10c414,キャスター,播音员,character,speaker,,,说话人名牌，9 次,,本项目,agreed
1e2dedc7,パリ―,帕里,character,speaker,,,说话人名牌，1 次,,本项目,agreed
1f538a9e,イオン・サーリ,依恩・莎丽,character,speaker,,,说话人名牌，1 次,,本项目,agreed
1ff139a2,フラクテル,弗拉克特尔,character,speaker,,,说话人名牌，65 次,,本项目,agreed
2-3,【リンクに必要な条件(2/3)】,【链接所需条件(2/3)】,character,speaker,,,说话人名牌，1 次,,本项目,agreed
2-3-2,【アイテム転送特記(2/3)】,【道具传送特别说明(2/3)】,character,speaker,,,说话人名牌，1 次,,本项目,agreed
2-3-3,【リンクのススメ(2/3)】,【链接推荐(2/3)】,character,speaker,,,说话人名牌，1 次,,本项目,agreed
2-4,【セカイリンクとは(2/4)】,【何谓世界链接(2/4)】,character,speaker,,,说话人名牌，1 次,,本项目,agreed
2-5,【ジェノミリンクとは(2/5)】,【何谓杰诺米链接(2/5)】,character,speaker,,,说话人名牌，1 次,,本项目,agreed
2-8,【リンクのタイミング(2/8)】,【链接的时机(2/8)】,character,speaker,,,说话人名牌，1 次,,本项目,agreed
225bba49,側近,近臣,character,speaker,,,说话人名牌，10 次,CHARA_NPC15,本项目,agreed
2262bf37,市民,市民,character,speaker,,,说话人名牌，1 次,,本项目,agreed
23b435d9,サーリＢ,莎丽Ｂ,character,speaker,,,说话人名牌，28 次,CHARA_PC25,本项目,agreed
26bc8496,女,女子,character,speaker,,,说话人名牌，12 次,,本项目,agreed
277fc7d3,ギノー,吉诺,character,speaker,,,说话人名牌，8 次,,本项目,agreed
28b8dc9d,シャール　,夏尔,character,speaker,,沙尔|莎尔,说话人名牌，10 次,CHARA_EVCH99,本项目,agreed
2a739580,男Ｂ,男子Ｂ,character,speaker,,,说话人名牌，185 次,CHARA_NPC04,本项目,agreed
2ab20fad,サーリ　 ,莎丽,character,speaker,,莎莉|萨里,说话人名牌，1 次,,本项目,agreed
2fb4f7ed,【マスターシャールを選ぼう！】,【选择主夏尔吧！】,character,speaker,,,说话人名牌，3 次,,本项目,agreed
2fbc9d82,エージェントＢ,特工Ｂ,character,speaker,,,说话人名牌，79 次,CHARA_NPC21,本项目,agreed
3-3,【リンクに必要な条件(3/3)】,【链接所需条件(3/3)】,character,speaker,,,说话人名牌，1 次,,本项目,agreed
3-3-2,【アイテム転送特記(3/3)】,【道具传送特别说明(3/3)】,character,speaker,,,说话人名牌，1 次,,本项目,agreed
3-3-3,【リンクのススメ(3/3)】,【链接推荐(3/3)】,character,speaker,,,说话人名牌，1 次,,本项目,agreed
3-4,【セカイリンクとは(3/4)】,【何谓世界链接(3/4)】,character,speaker,,,说话人名牌，1 次,,本项目,agreed
3-5,【ジェノミリンクとは(3/5)】,【何谓杰诺米链接(3/5)】,character,speaker,,,说话人名牌，1 次,,本项目,agreed
3-8,【リンクのタイミング(3/8)】,【链接的时机(3/8)】,character,speaker,,,说话人名牌，1 次,,本项目,agreed
32bd9dc0,天文の民Ｃ,天文之民Ｃ,character,speaker,,,说话人名牌，4 次,,本项目,agreed
3536ce38,地文の民Ａ,地文之民Ａ,character,speaker,,,说话人名牌，1 次,,本项目,agreed
3583d292,レオン,雷昂,character,speaker,,,说话人名牌，82 次,,本项目,agreed
35f586a4,クーリン　,库琳,character,speaker,,,说话人名牌，8 次,,本项目,agreed
361ad729,ネイ・クーリン,妮伊・库琳,character,speaker,,,说话人名牌，1 次,,本项目,agreed
39f9485d,【アイテムで交流しよう！】,【用道具交流吧！】,character,speaker,,,说话人名牌，20 次,,本项目,agreed
3e7a01c8,工作員,工作员,character,speaker,,,说话人名牌，2 次,CHARA_NPC14,本项目,agreed
3fc32620,【あなたのことを話そう！】,【聊聊关于你的事吧！】,character,speaker,,,说话人名牌，5 次,,本项目,agreed
4-4,【セカイリンクとは(4/4)】,【何谓世界链接(4/4)】,character,speaker,,,说话人名牌，1 次,,本项目,agreed
4-5,【ジェノミリンクとは(4/5)】,【何谓杰诺米链接(4/5)】,character,speaker,,,说话人名牌，1 次,,本项目,agreed
4-8,【リンクのタイミング(4/8)】,【链接的时机(4/8)】,character,speaker,,,说话人名牌，1 次,,本项目,agreed
4016efe8,ター坊・キャス,阿达・凯斯,character,speaker,,,说话人名牌，18 次,,本项目,agreed
4220cd2f,全員,全员,character,speaker,,,说话人名牌，3 次,,本项目,agreed
4752c337,シャオメイ,小梅,character,speaker,,,说话人名牌，5 次,,本项目,agreed
48a9de3e,クラケット・キャス,库拉肯特・凯斯,character,speaker,,,说话人名牌，1 次,,本项目,agreed
49246ea7,？？？？,？？？？,character,speaker,,,说话人名牌，3 次,,本项目,agreed
4a247c3b,にゅろきーたち,喵洛基们,character,speaker,,,说话人名牌，1 次,,本项目,agreed
4afd7af8,【フレンドシャールの巣で友達と交流！】,【在好友夏尔的巢穴与朋友交流！】,character,speaker,,,说话人名牌，7 次,,本项目,agreed
4c6f1c6f,ネイ・クラケット,妮伊・库拉肯特,character,speaker,,,说话人名牌，2 次,,本项目,agreed
5-5,【ジェノミリンクとは(5/5)】,【何谓杰诺米链接(5/5)】,character,speaker,,,说话人名牌，1 次,,本项目,agreed
5-8,【リンクのタイミング(5/8)】,【链接的时机(5/8)】,character,speaker,,,说话人名牌，1 次,,本项目,agreed
5042c122,イオン・ネイ,依恩・妮伊,character,speaker,,,说话人名牌，1 次,,本项目,agreed
51625d90,男,男子,character,speaker,,,说话人名牌，22 次,,本项目,agreed
51ef23d5,司祭Ｂ,祭司Ｂ,character,speaker,,,说话人名牌，7 次,CHARA_NPC95,本项目,agreed
53100b04,男Ｃ,男子Ｃ,character,speaker,,,说话人名牌，48 次,CHARA_NPC06,本项目,agreed
5b0fc91b,注意！！,注意！！,character,speaker,,,说话人名牌，5 次,,本项目,agreed
5b7ca219,ター坊Ｂ,阿达Ｂ,character,speaker,,,说话人名牌，24 次,CHARA_PC23,本项目,agreed
5c89553b,【工作完了速報♪】,【制作完成速报♪】,character,speaker,,,说话人名牌，1 次,,本项目,agreed
5dc19390,本部,本部,character,speaker,,,说话人名牌，42 次,,本项目,agreed
5dcb4ede,案内人,向导,character,speaker,,,说话人名牌，12 次,CHARA_NPC19,本项目,agreed
5f0f492b,プラム・ター坊,布拉姆・阿达,character,speaker,,,说话人名牌，1 次,,本项目,agreed
6-8,【リンクのタイミング(6/8)】,【链接的时机(6/8)】,character,speaker,,,说话人名牌，1 次,,本项目,agreed
617559c6,司祭Ｃ,祭司Ｃ,character,speaker,,,说话人名牌，6 次,CHARA_NPC96,本项目,agreed
622716cb,先帝,先帝,character,speaker,,,说话人名牌，2 次,,本项目,agreed
68cd1ffe,ニュース,新闻,character,speaker,,,说话人名牌，7 次,,本项目,agreed
690c32c5,【イオンに帰ってきてもらおう！】,【让依恩回来吧！】,character,speaker,,,说话人名牌，4 次,,本项目,agreed
6926110c,【一緒にご飯を食べよう！】,【一起吃饭吧！】,character,speaker,,,说话人名牌，5 次,,本项目,agreed
6a42c85e,ＰＬＡＳＭＡ兵たち,PLASMA士兵们,character,speaker,,,说话人名牌，2 次,,本项目,agreed
6d358a6f,ネプツールからの招待状,尼普楚尔的邀请函,character,speaker,,,说话人名牌，6 次,,本项目,agreed
6e8bf18a,システム文,系统文本,character,speaker,,,说话人名牌，1294 次,,本项目,agreed
6ee4c931,キャスＢ,凯斯Ｂ,character,speaker,,,说话人名牌，21 次,CHARA_PC24,本项目,agreed
7-8,【リンクのタイミング(7/8)】,【链接的时机(7/8)】,character,speaker,,,说话人名牌，1 次,,本项目,agreed
7440cc7b,子竜,幼龙,character,speaker,,,说话人名牌，22 次,,本项目,agreed
74e0fbb6,女Ｃ,女子Ｃ,character,speaker,,,说话人名牌，56 次,CHARA_NPC05,本项目,agreed
757add1e,エージェントＣ,特工Ｃ,character,speaker,,,说话人名牌，4 次,CHARA_NPC22,本项目,agreed
788079ab,テンプルナイト,圣殿骑士,character,speaker,,,说话人名牌，54 次,CHARA_NPC25,本项目,agreed
7b893749,ルウレイ,鲁雷,character,speaker,,露蕾,说话人名牌，511 次,CHARA_PC08,本项目,agreed
7c6b9a38,天文の民Ｂ,天文之民Ｂ,character,speaker,,,说话人名牌，3 次,,本项目,agreed
7cb25b9f,レナルル　,蕾娜露露,character,speaker,,莱娜露露,说话人名牌，1 次,,本项目,agreed
7ded3629,警備兵　,警卫,character,speaker,,,说话人名牌，1 次,,本项目,agreed
7e85950e,警備兵Ａ,警卫Ａ,character,speaker,,,说话人名牌，6 次,,本项目,agreed
7f2ace9b,【材料調達速報♪】,【材料筹措速报♪】,character,speaker,,,说话人名牌，1 次,,本项目,agreed
8-8,【リンクのタイミング(8/8)】,【链接的时机(8/8)】,character,speaker,,,说话人名牌，1 次,,本项目,agreed
852cc64b,ネイ　,妮伊,character,speaker,,,说话人名牌，803 次,CHARA_PC02B,本项目,agreed
87b5909d,変装カノン　,变装卡诺,character,speaker,,,说话人名牌，10 次,,本项目,agreed
893ab79c,地文の民Ｄ,地文之民Ｄ,character,speaker,,,说话人名牌，1 次,,本项目,agreed
8974c207,客席,观众席,character,speaker,,,说话人名牌，3 次,,本项目,agreed
8b388f53,パリー　,帕里,character,speaker,,,说话人名牌，7 次,,本项目,agreed
8b96ac68,司祭,祭司,character,speaker,,,说话人名牌，128 次,CHARA_NPC18,本项目,agreed
8bf08803,イオン・キャス,依恩・凯斯,character,speaker,,,说话人名牌，6 次,,本项目,agreed
8fb9aadb,男Ｆ,男子Ｆ,character,speaker,,,说话人名牌，10 次,CHARA_NPC00,本项目,agreed
93feac4b,イオン・カノン,依恩・卡诺,character,speaker,,,说话人名牌，8 次,,本项目,agreed
9824179f,パリー,帕里,character,speaker,,,说话人名牌，422 次,CHARA_PC11,本项目,agreed
9910fa34,【髪と瞳の色を変えてみよう！】,【试着改变头发和瞳孔的颜色吧！】,character,speaker,,,说话人名牌，5 次,,本项目,agreed
99b335cc,ネロ　　,妮诺,character,speaker,,内罗|尼禄|涅罗,说话人名牌，12 次,,本项目,agreed
9ffa65fa,ゾンビ警備兵,僵尸警卫,character,speaker,,,说话人名牌，2 次,CHARA_NPC16,本项目,agreed
a052061e,タンタリス,坦塔利斯,character,speaker,,,说话人名牌，4 次,,本项目,agreed
a11d87f9,地文の民Ｂ,地文之民Ｂ,character,speaker,,,说话人名牌，2 次,,本项目,agreed
a159b1b7,【イオンと交流しよう！】,【与依恩交流吧！】,character,speaker,,,说话人名牌，20 次,,本项目,agreed
a26a53ff,キャス・ネロ,凯斯・妮诺,character,speaker,,,说话人名牌，1 次,,本项目,agreed
a6e9f6d9,先生,老师,character,speaker,,,说话人名牌，5 次,,本项目,agreed
a7e9582e,おねえさん・客席,大姐姐・观众席,character,speaker,,,说话人名牌，1 次,,本项目,agreed
a85083ad,エージェントたち,特工们,character,speaker,,,说话人名牌，1 次,,本项目,agreed
act-pt10a00,act_pt10A00,act_pt10A00,character,speaker,,,说话人名牌，1 次,,本项目,agreed
act-pt2a00,act_pt2A00,act_pt2A00,character,speaker,,,说话人名牌，1 次,,本项目,agreed
act-pt45a02,act_pt45A02,act_pt45A02,character,speaker,,,说话人名牌，1 次,,本项目,agreed
add1deae,コーザル,考扎尔,character,speaker,,柯萨尔,说话人名牌，207 次,,本项目,agreed
ae7c5447,女Ａ,女子Ａ,character,speaker,,,说话人名牌，75 次,CHARA_NPC01,本项目,agreed
af3bbe92,イオン　,依恩,character,speaker,,伊恩|伊昂|伊翁,说话人名牌，241 次,CHARA_PC22,本项目,agreed
akua-int,akua_int,akua_int,character,speaker,,,说话人名牌，1 次,,本项目,agreed
alarm-time02-01-tch,Alarm_Time02_01_tch,Alarm_Time02_01_tch,character,speaker,,,说话人名牌，1 次,,本项目,agreed
b366f891,女子生徒Ａ,女学生Ａ,character,speaker,,,说话人名牌，20 次,CHARA_NPC23,本项目,agreed
b4e27ab1,『２２８』,‘228’,character,speaker,,,说话人名牌，17 次,,本项目,agreed
b529c16c,ネイ・テレフンケン,妮伊・泰雷芬肯,character,speaker,,,说话人名牌，1 次,,本项目,agreed
b5971b52,アナウンス,广播,character,speaker,,,说话人名牌，51 次,,本项目,agreed
b66e3f20,警備兵,警卫,character,speaker,,,说话人名牌，205 次,CHARA_NPC13,本项目,agreed
b6ddfb22,司祭Ｄ,祭司Ｄ,character,speaker,,,说话人名牌，1 次,CHARA_NPC97,本项目,agreed
b7488b6c,？？？,？？？,character,speaker,,,说话人名牌，44 次,,本项目,agreed
b8d9e324,エージェント,特工,character,speaker,,,说话人名牌，451 次,CHARA_NPC17,本项目,agreed
b994bde0,ルイン,鲁因,character,speaker,,,说话人名牌，55 次,CHARA_NPC20,本项目,agreed
back-kigae-aqua,back_kigae_aqua,back_kigae_aqua,character,speaker,,,说话人名牌，1 次,,本项目,agreed
bath-c01,bath_C01,bath_C01,character,speaker,,,说话人名牌，1 次,,本项目,agreed
bd792706,変装カノン,变装卡诺,character,speaker,,,说话人名牌，33 次,CHARA_PC01B,本项目,agreed
bef14041,シャールＢ,夏尔Ｂ,character,speaker,,,说话人名牌，13 次,CHARA_EVCH98,本项目,agreed
c0df75f3,男Ｄ,男子Ｄ,character,speaker,,,说话人名牌，96 次,CHARA_NPC08,本项目,agreed
c22f1a0e,屈強な男,魁梧的男子,character,speaker,,,说话人名牌，1 次,,本项目,agreed
c4d407c8,ター坊・キャス・白鷹,阿达・凯斯・白鹰,character,speaker,,,说话人名牌，10 次,,本项目,agreed
c66335f3,ネイ・キャス,妮伊・凯斯,character,speaker,,,说话人名牌，2 次,,本项目,agreed
c99fd0af,キャス・ウルゥリィヤ,凯斯・乌鲁莉亚,character,speaker,,,说话人名牌，4 次,,本项目,agreed
ca7e92d1,女子生徒Ｂ,女学生Ｂ,character,speaker,,,说话人名牌，18 次,CHARA_NPC24,本项目,agreed
cake04,cake04,cake04,character,speaker,,,说话人名牌，1 次,,本项目,agreed
camera-open-use,CAMERA_OPEN_USE,CAMERA_OPEN_USE,character,speaker,,,说话人名牌，1 次,,本项目,agreed
cbc69778,兵士,士兵,character,speaker,,,说话人名牌，3 次,,本项目,agreed
cd5cfe30,天文の民Ａ,天文之民Ａ,character,speaker,,,说话人名牌，3 次,,本项目,agreed
cd7c312a,ター坊・キャス・サーリ,阿达・凯斯・莎丽,character,speaker,,,说话人名牌，1 次,,本项目,agreed
cha-mas10,cha_mas10,cha_mas10,character,speaker,,,说话人名牌，1 次,,本项目,agreed
cha-slad01,cha_slAD01,cha_slAD01,character,speaker,,,说话人名牌，1 次,,本项目,agreed
church-s05,church_s05,church_s05,character,speaker,,,说话人名牌，1 次,,本项目,agreed
ciel-ending05-01,Ciel_Ending05_01,Ciel_Ending05_01,character,speaker,,,说话人名牌，1 次,,本项目,agreed
ciel-ending12-05,Ciel_Ending12_05,Ciel_Ending12_05,character,speaker,,,说话人名牌，1 次,,本项目,agreed
cm,テレビCM,电视广告,character,speaker,,,说话人名牌，3 次,,本项目,agreed
cos-load,cos_load,cos_load,character,speaker,,,说话人名牌，1 次,,本项目,agreed
d017cc81,【イオンに時間を教えてもらおう！】,【让依恩报时吧！】,character,speaker,,,说话人名牌，3 次,,本项目,agreed
d1b433ec,【イオンに触れてみよう！】,【试着触碰依恩吧！】,character,speaker,,,说话人名牌，2 次,,本项目,agreed
d433f07d,イオン　　　,依恩,character,speaker,,伊恩|伊昂|伊翁,说话人名牌，6 次,,本项目,agreed
d555fda1,女Ｅ,女子Ｅ,character,speaker,,,说话人名牌，3 次,CHARA_NPC09,本项目,agreed
d6e2aa0d,天文の民Ｄ,天文之民Ｄ,character,speaker,,,说话人名牌，1 次,,本项目,agreed
d974dd27,男Ｅ,男子Ｅ,character,speaker,,,说话人名牌，30 次,CHARA_NPC10,本项目,agreed
d9b5f6ca,エージェントＤ,特工Ｄ,character,speaker,,,说话人名牌，5 次,CHARA_NPC90,本项目,agreed
da98975c,司会,主持人,character,speaker,,,说话人名牌，4 次,,本项目,agreed
date-bonus-parts,date_bonus_parts,date_bonus_parts,character,speaker,,,说话人名牌，1 次,,本项目,agreed
date-init-sea,date_init_sea,date_init_sea,character,speaker,,,说话人名牌，1 次,,本项目,agreed
date-nel08,Date_NEL08,Date_NEL08,character,speaker,,,说话人名牌，1 次,,本项目,agreed
datemap-select,DATEMAP_SELECT,DATEMAP_SELECT,character,speaker,,,说话人名牌，1 次,,本项目,agreed
day-book-14-sub,day_book_14_Sub,day_book_14_Sub,character,speaker,,,说话人名牌，1 次,,本项目,agreed
day-cau17,day_cau17,day_cau17,character,speaker,,,说话人名牌，1 次,,本项目,agreed
day-decide,day_decide,day_decide,character,speaker,,,说话人名牌，1 次,,本项目,agreed
day-pra01,day_prA01,day_prA01,character,speaker,,,说话人名牌，1 次,,本项目,agreed
day-readbk,day_readBK,day_readBK,character,speaker,,,说话人名牌，1 次,,本项目,agreed
day-test01,day_test01,day_test01,character,speaker,,,说话人名牌，1 次,,本项目,agreed
day04-07,day04_07,day04_07,character,speaker,,,说话人名牌，1 次,,本项目,agreed
day05-14,day05_14,day05_14,character,speaker,,,说话人名牌，1 次,,本项目,agreed
day07-09,day07_09,day07_09,character,speaker,,,说话人名牌，1 次,,本项目,agreed
day08-13,day08_13,day08_13,character,speaker,,,说话人名牌，1 次,,本项目,agreed
day10-05,day10_05,day10_05,character,speaker,,,说话人名牌，1 次,,本项目,agreed
day11-12,day11_12,day11_12,character,speaker,,,说话人名牌，1 次,,本项目,agreed
day14-07,day14_07,day14_07,character,speaker,,,说话人名牌，1 次,,本项目,agreed
db24777f,シェルノサージュ×シャッツキステ,Ciel nosurge×Schatzkiste,character,speaker,,,说话人名牌，1 次,,本项目,agreed
de00-02m,DE00_02M,DE00_02M,character,speaker,,,说话人名牌，1 次,,本项目,agreed
de03-01,DE03_01,DE03_01,character,speaker,,,说话人名牌，1 次,,本项目,agreed
de05-03m,DE05_03M,DE05_03M,character,speaker,,,说话人名牌，1 次,,本项目,agreed
de08-02t,DE08_02T,DE08_02T,character,speaker,,,说话人名牌，1 次,,本项目,agreed
de6b984b,男Ａ,男子Ａ,character,speaker,,,说话人名牌，286 次,CHARA_NPC02,本项目,agreed
debugmacro,--------DebugMacro--------,--------DebugMacro--------,character,speaker,,,说话人名牌，1 次,,本项目,agreed
df0f63b2,地文の民Ｃ,地文之民Ｃ,character,speaker,,,说话人名牌，1 次,,本项目,agreed
df18267f,女Ｂ,女子Ｂ,character,speaker,,,说话人名牌，106 次,CHARA_NPC03,本项目,agreed
dish012,dish012,dish012,character,speaker,,,说话人名牌，1 次,,本项目,agreed
divorce-01,Divorce_01,Divorce_01,character,speaker,,,说话人名牌，1 次,,本项目,agreed
e5c52a7a,お爺さん,老爷爷,character,speaker,,,说话人名牌，28 次,,本项目,agreed
e6a4fd75,【心の中にダイブしよう！】,【潜入心中吧！】,character,speaker,,,说话人名牌，12 次,,本项目,agreed
ea7c54d2,リーヴェルト　　,利维尔特,character,speaker,,利威尔特,说话人名牌，110 次,,本项目,agreed
eb4fb076,一同,一同,character,speaker,,,说话人名牌，10 次,,本项目,agreed
ef-06-02-clear-2,EF_06_02_CLEAR:2,EF_06_02_CLEAR:2,character,speaker,,,说话人名牌，1 次,,本项目,agreed
ef-07-12-clear-2,EF_07_12_CLEAR:2,EF_07_12_CLEAR:2,character,speaker,,,说话人名牌，1 次,,本项目,agreed
ef-09-09-clear-2,EF_09_09_CLEAR:2,EF_09_09_CLEAR:2,character,speaker,,,说话人名牌，1 次,,本项目,agreed
ef-bed-wait-0,EF_bed_wait:0,EF_bed_wait:0,character,speaker,,,说话人名牌，1 次,,本项目,agreed
ef-book-07m-net-2,EF_book_07M_NET:2,EF_book_07M_NET:2,character,speaker,,,说话人名牌，1 次,,本项目,agreed
ef-date-tch-0,EF_date_tch:0,EF_date_tch:0,character,speaker,,,说话人名牌，1 次,,本项目,agreed
ef-datep1-count04-0,EF_DATEP1_COUNT04:0,EF_DATEP1_COUNT04:0,character,speaker,,,说话人名牌，1 次,,本项目,agreed
ef-datep5-count07-0,EF_DATEP5_COUNT07:0,EF_DATEP5_COUNT07:0,character,speaker,,,说话人名牌，1 次,,本项目,agreed
ef-day00-05-net-2,EF_day00_05_NET:2,EF_day00_05_NET:2,character,speaker,,,说话人名牌，1 次,,本项目,agreed
ef-day01-04-net-2,EF_day01_04_NET:2,EF_day01_04_NET:2,character,speaker,,,说话人名牌，1 次,,本项目,agreed
ef-day02-07-net-2,EF_day02_07_NET:2,EF_day02_07_NET:2,character,speaker,,,说话人名牌，1 次,,本项目,agreed
ef-day03-16-net-2,EF_day03_16_NET:2,EF_day03_16_NET:2,character,speaker,,,说话人名牌，1 次,,本项目,agreed
ef-day04-08-net-2,EF_day04_08_NET:2,EF_day04_08_NET:2,character,speaker,,,说话人名牌，1 次,,本项目,agreed
ef-day05-15-net-2,EF_day05_15_NET:2,EF_day05_15_NET:2,character,speaker,,,说话人名牌，1 次,,本项目,agreed
ef-day08-02-net-2,EF_day08_02_NET:2,EF_day08_02_NET:2,character,speaker,,,说话人名牌，1 次,,本项目,agreed
ef-day10-13-net-2,EF_day10_13_NET:2,EF_day10_13_NET:2,character,speaker,,,说话人名牌，1 次,,本项目,agreed
ef-dayex-11-net-2,EF_dayEX_11_NET:2,EF_dayEX_11_NET:2,character,speaker,,,说话人名牌，1 次,,本项目,agreed
ef-days-recycle03-0,EF_Days_Recycle03:0,EF_Days_Recycle03:0,character,speaker,,,说话人名牌，1 次,,本项目,agreed
ef-destruction-2,EF_DESTRUCTION:2,EF_DESTRUCTION:2,character,speaker,,,说话人名牌，1 次,,本项目,agreed
ef-divorce02-net-2,EF_divorce02_net:2,EF_divorce02_net:2,character,speaker,,,说话人名牌，1 次,,本项目,agreed
ef-dx-voicemail-2-0,EF_DX_VOICEMAIL_2:0/,EF_DX_VOICEMAIL_2:0/,character,speaker,,,说话人名牌，1 次,,本项目,agreed
ef-eg-rom-09-0,EF_EG_ROM_09:0,EF_EG_ROM_09:0,character,speaker,,,说话人名牌，1 次,,本项目,agreed
ef-ending01-net-2,EF_ending01_net:2,EF_ending01_net:2,character,speaker,,,说话人名牌，1 次,,本项目,agreed
ef-ex07-02-clear-2,EF_EX07_02_CLEAR:2,EF_EX07_02_CLEAR:2,character,speaker,,,说话人名牌，1 次,,本项目,agreed
ef-food-cate-1,EF_food_cate:1,EF_food_cate:1,character,speaker,,,说话人名牌，1 次,,本项目,agreed
ef-head006f-0,EF_head006F:0,EF_head006F:0,character,speaker,,,说话人名牌，1 次,,本项目,agreed
ef-kami-0,EF_kami:0,EF_kami:0,character,speaker,,,说话人名牌，1 次,,本项目,agreed
ef-me04-01-0,EF_ME04_01:0,EF_ME04_01:0,character,speaker,,,说话人名牌，1 次,,本项目,agreed
ef-mea02-03-2,EF_MEA02_03:2,EF_MEA02_03:2,character,speaker,,,说话人名牌，1 次,,本项目,agreed
ef-mea03-item-06-0,EF_MEA03_ITEM_06:0,EF_MEA03_ITEM_06:0,character,speaker,,,说话人名牌，1 次,,本项目,agreed
ef-mea04-06-2,EF_MEA04_06:2,EF_MEA04_06:2,character,speaker,,,说话人名牌，1 次,,本项目,agreed
ef-mea04-item-13-0,EF_MEA04_ITEM_13:0,EF_MEA04_ITEM_13:0,character,speaker,,,说话人名牌，1 次,,本项目,agreed
ef-mea05-0405-net-2,EF_mea05_0405_net:2,EF_mea05_0405_net:2,character,speaker,,,说话人名牌，1 次,,本项目,agreed
ef-mea06-item-07-0,EF_MEA06_ITEM_07:0,EF_MEA06_ITEM_07:0,character,speaker,,,说话人名牌，1 次,,本项目,agreed
ef-mea08-04-net-2,EF_mea08_04_net:2,EF_mea08_04_net:2,character,speaker,,,说话人名牌，1 次,,本项目,agreed
ef-mea08-item-04-0,EF_MEA08_ITEM_04:0,EF_MEA08_ITEM_04:0,character,speaker,,,说话人名牌，1 次,,本项目,agreed
ef-mea09-item-11-0,EF_MEA09_ITEM_11:0,EF_MEA09_ITEM_11:0,character,speaker,,,说话人名牌，1 次,,本项目,agreed
ef-mea10-00-net-2,ef_mea10_00_net:2,ef_mea10_00_net:2,character,speaker,,,说话人名牌，1 次,,本项目,agreed
ef-mea11-item-03-0,EF_MEA11_ITEM_03:0,EF_MEA11_ITEM_03:0,character,speaker,,,说话人名牌，1 次,,本项目,agreed
ef-mea12-item-10-0,EF_MEA12_ITEM_10:0,EF_MEA12_ITEM_10:0,character,speaker,,,说话人名牌，1 次,,本项目,agreed
ef-otherkey00-2,EF_OTHERKEY00:2,EF_OTHERKEY00:2,character,speaker,,,说话人名牌，1 次,,本项目,agreed
ef-pt14a00-2,EF_pt14A00:2,EF_pt14A00:2,character,speaker,,,说话人名牌，1 次,,本项目,agreed
ef-pt18a00-2,EF_pt18A00:2,EF_pt18A00:2,character,speaker,,,说话人名牌，1 次,,本项目,agreed
ef-pt22a01-2,EF_pt22A01:2,EF_pt22A01:2,character,speaker,,,说话人名牌，1 次,,本项目,agreed
ef-pt33a01-2,EF_pt33A01:2,EF_pt33A01:2,character,speaker,,,说话人名牌，1 次,,本项目,agreed
ef-pt6a00-2,EF_pt6A00:2,EF_pt6A00:2,character,speaker,,,说话人名牌，1 次,,本项目,agreed
ef-retflag-1,EF_retflag:1,EF_retflag:1,character,speaker,,,说话人名牌，1 次,,本项目,agreed
ef-rps-win-net-2,EF_RPS_WIN_NET:2,EF_RPS_WIN_NET:2,character,speaker,,,说话人名牌，1 次,,本项目,agreed
ef-seasonal-unndoukai-0,EF_Seasonal_unndoukai:0,EF_Seasonal_unndoukai:0,character,speaker,,,说话人名牌，1 次,,本项目,agreed
ef-specialfree03-2,EF_SPECIALFREE03:2,EF_SPECIALFREE03:2,character,speaker,,,说话人名牌，1 次,,本项目,agreed
ef-srv-cafe-02-2,ef_srv_cafe_02:2,ef_srv_cafe_02:2,character,speaker,,,说话人名牌，1 次,,本项目,agreed
ef-srv-dlc-pack03-2,ef_srv_dlc_pack03:2,ef_srv_dlc_pack03:2,character,speaker,,,说话人名牌，1 次,,本项目,agreed
ef-srv-flag414-2,ef_srv_flag414:2,ef_srv_flag414:2,character,speaker,,,说话人名牌，1 次,,本项目,agreed
ef-srv-flag488-2,ef_srv_flag488:2,ef_srv_flag488:2,character,speaker,,,说话人名牌，1 次,,本项目,agreed
ef-srv-thanks-05-2,ef_srv_thanks_05:2,ef_srv_thanks_05:2,character,speaker,,,说话人名牌，1 次,,本项目,agreed
ef-talk05-2,EF_TALK05:2,EF_TALK05:2,character,speaker,,,说话人名牌，1 次,,本项目,agreed
ef-tmp01-1,EF_Tmp01:1,EF_Tmp01:1,character,speaker,,,说话人名牌，1 次,,本项目,agreed
ef-trophyno14-2,EF_TrophyNo14:2,EF_TrophyNo14:2,character,speaker,,,说话人名牌，1 次,,本项目,agreed
ef-trophyno36-2,EF_TrophyNo36:2,EF_TrophyNo36:2,character,speaker,,,说话人名牌，1 次,,本项目,agreed
ef-wear003f-0,EF_wear003F:0,EF_wear003F:0,character,speaker,,,说话人名牌，1 次,,本项目,agreed
ef-wearchoice10-0,EF_wearchoice10:0,EF_wearchoice10:0,character,speaker,,,说话人名牌，1 次,,本项目,agreed
ex01-03,EX01_03,EX01_03,character,speaker,,,说话人名牌，1 次,,本项目,agreed
ex04-open,EX04_OPEN,EX04_OPEN,character,speaker,,,说话人名牌，1 次,,本项目,agreed
ex08-02,EX08_02,EX08_02,character,speaker,,,说话人名牌，1 次,,本项目,agreed
exp-hymp,【EXPやHymPの取得箇所】,【EXP与HymP的获取途径】,character,speaker,,,说话人名牌，1 次,,本项目,agreed
f062bfd4,神官,神官,character,speaker,,,说话人名牌，154 次,CHARA_NPC12,本项目,agreed
f1c4f4f0,テンプルナイトＢ,圣殿骑士Ｂ,character,speaker,,,说话人名牌，7 次,CHARA_NPC94,本项目,agreed
f221ce3e,ター坊・白鷹,阿达・白鹰,character,speaker,,,说话人名牌，5 次,,本项目,agreed
f2ac0a91,ノエル,诺艾尔,character,speaker,,,说话人名牌，39 次,,本项目,agreed
f71e01fa,クオンタイズＡ,库翁泰兹Ａ,character,speaker,,,说话人名牌，1 次,,本项目,agreed
fa95b8f3,【イオンを呼んでみよう！】,【试着呼唤依恩吧！】,character,speaker,,,说话人名牌，2 次,,本项目,agreed
faf407c6,男の声,男子的声音,character,speaker,,,说话人名牌，1 次,,本项目,agreed
fdccfee7,クーリン・パリー,库琳・帕里,character,speaker,,,说话人名牌，2 次,,本项目,agreed
fea7bcbb,イオンのありがとうＣＤ,依恩的感谢CD,character,speaker,,,说话人名牌，2 次,,本项目,agreed
food-cated-pr03,food_cateD_Pr03,food_cateD_Pr03,character,speaker,,,说话人名牌，1 次,,本项目,agreed
for-tcha01,for_tchA01,for_tchA01,character,speaker,,,说话人名牌，1 次,,本项目,agreed
gp-1-3,【GPフュージョンとは(1/3)】,【何谓GP融合(1/3)】,character,speaker,,,说话人名牌，1 次,,本项目,agreed
gp-2-3,【GPフュージョンとは(2/3)】,【何谓GP融合(2/3)】,character,speaker,,,说话人名牌，1 次,,本项目,agreed
gp-3-3,【GPフュージョンとは(3/3)】,【何谓GP融合(3/3)】,character,speaker,,,说话人名牌，1 次,,本项目,agreed
hymp-1-5,【HymPの変換方法(1/5)】,【HymP的转换方法(1/5)】,character,speaker,,,说话人名牌，1 次,,本项目,agreed
hymp-1-6,【HymP変換レート(1/6)】,【HymP转换汇率(1/6)】,character,speaker,,,说话人名牌，1 次,,本项目,agreed
hymp-2-5,【HymPの変換方法(2/5)】,【HymP的转换方法(2/5)】,character,speaker,,,说话人名牌，1 次,,本项目,agreed
hymp-2-6,【HymP変換レート(2/6)】,【HymP转换汇率(2/6)】,character,speaker,,,说话人名牌，1 次,,本项目,agreed
hymp-3-5,【HymPの変換方法(3/5)】,【HymP的转换方法(3/5)】,character,speaker,,,说话人名牌，1 次,,本项目,agreed
hymp-3-6,【HymP変換レート(3/6)】,【HymP转换汇率(3/6)】,character,speaker,,,说话人名牌，1 次,,本项目,agreed
hymp-4-5,【HymPの変換方法(4/5)】,【HymP的转换方法(4/5)】,character,speaker,,,说话人名牌，1 次,,本项目,agreed
hymp-4-6,【HymP変換レート(4/6)】,【HymP转换汇率(4/6)】,character,speaker,,,说话人名牌，1 次,,本项目,agreed
hymp-5-5,【HymPの変換方法(5/5)】,【HymP的转换方法(5/5)】,character,speaker,,,说话人名牌，1 次,,本项目,agreed
hymp-5-6,【HymP変換レート(5/6)】,【HymP转换汇率(5/6)】,character,speaker,,,说话人名牌，1 次,,本项目,agreed
hymp-6-6,【HymP変換レート(6/6)】,【HymP转换汇率(6/6)】,character,speaker,,,说话人名牌，1 次,,本项目,agreed
ion-lock-01-03,ION_LOCK_01_03,ION_LOCK_01_03,character,speaker,,,说话人名牌，1 次,,本项目,agreed
item-dish007,item_dish007,item_dish007,character,speaker,,,说话人名牌，1 次,,本项目,agreed
linkarno-main15,LinkArno_main15,LinkArno_main15,character,speaker,,,说话人名牌，1 次,,本项目,agreed
linkarno-paper18-01,LinkArno_paper18_01,LinkArno_paper18_01,character,speaker,,,说话人名牌，1 次,,本项目,agreed
linkarno-sleep03,LinkArno_sleep03,LinkArno_sleep03,character,speaker,,,说话人名牌，1 次,,本项目,agreed
lovers-00,Lovers_00,Lovers_00,character,speaker,,,说话人名牌，1 次,,本项目,agreed
mainscenarioevent04,MainScenarioEvent04,MainScenarioEvent04,character,speaker,,,说话人名牌，2 次,,本项目,agreed
masu03,masu03,masu03,character,speaker,,,说话人名牌，1 次,,本项目,agreed
masu04,masu04,masu04,character,speaker,,,说话人名牌，1 次,,本项目,agreed
me-nel03,ME_NEL03,ME_NEL03,character,speaker,,,说话人名牌，1 次,,本项目,agreed
me-nel15,ME_NEL15,ME_NEL15,character,speaker,,,说话人名牌，1 次,,本项目,agreed
me-nel20,ME_NEL20,ME_NEL20,character,speaker,,,说话人名牌，1 次,,本项目,agreed
me01-14,ME01_14,ME01_14,character,speaker,,,说话人名牌，1 次,,本项目,agreed
me03-04,ME03_04,ME03_04,character,speaker,,,说话人名牌，1 次,,本项目,agreed
me04-08,ME04_08,ME04_08,character,speaker,,,说话人名牌，1 次,,本项目,agreed
me06-02,ME06_02,ME06_02,character,speaker,,,说话人名牌，1 次,,本项目,agreed
me07-10,ME07_10,ME07_10,character,speaker,,,说话人名牌，1 次,,本项目,agreed
me09-06,ME09_06,ME09_06,character,speaker,,,说话人名牌，1 次,,本项目,agreed
me11-04,ME11_04,ME11_04,character,speaker,,,说话人名牌，1 次,,本项目,agreed
me12-10,ME12_10,ME12_10,character,speaker,,,说话人名牌，1 次,,本项目,agreed
me13-04,ME13_04,ME13_04,character,speaker,,,说话人名牌，1 次,,本项目,agreed
mea02-01t,MEA02_01T,MEA02_01T,character,speaker,,,说话人名牌，1 次,,本项目,agreed
mea03-02,MEA03_02,MEA03_02,character,speaker,,,说话人名牌，1 次,,本项目,agreed
mea04-05,MEA04_05,MEA04_05,character,speaker,,,说话人名牌，1 次,,本项目,agreed
mea05-08,MEA05_08,MEA05_08,character,speaker,,,说话人名牌，1 次,,本项目,agreed
mea07-04,MEA07_04,MEA07_04,character,speaker,,,说话人名牌，1 次,,本项目,agreed
mea08-08,MEA08_08,MEA08_08,character,speaker,,,说话人名牌，1 次,,本项目,agreed
mea10-09,MEA10_09,MEA10_09,character,speaker,,,说话人名牌，1 次,,本项目,agreed
mea12-04,MEA12_04,MEA12_04,character,speaker,,,说话人名牌，1 次,,本项目,agreed
megido03,megido03,megido03,character,speaker,,,说话人名牌，1 次,,本项目,agreed
menu-divey,MENU_DIVEY,MENU_DIVEY,character,speaker,,,说话人名牌，1 次,,本项目,agreed
nay-mode02,Nay_Mode02,Nay_Mode02,character,speaker,,,说话人名牌，1 次,,本项目,agreed
nelico-come,NELICO_COME,NELICO_COME,character,speaker,,,说话人名牌，1 次,,本项目,agreed
nl-b02b,NL_b02B,NL_b02B,character,speaker,,,说话人名牌，1 次,,本项目,agreed
nl-cl01b,NL_cl01B,NL_cl01B,character,speaker,,,说话人名牌，1 次,,本项目,agreed
nl-d03al1,NL_d03al1,NL_d03al1,character,speaker,,,说话人名牌，1 次,,本项目,agreed
nl-d08al1,NL_d08al1,NL_d08al1,character,speaker,,,说话人名牌，1 次,,本项目,agreed
nl-d11d,NL_d11D,NL_d11D,character,speaker,,,说话人名牌，1 次,,本项目,agreed
nl-dr04b,NL_dr04B,NL_dr04B,character,speaker,,,说话人名牌，1 次,,本项目,agreed
nl-ev02d,NL_ev02D,NL_ev02D,character,speaker,,,说话人名牌，1 次,,本项目,agreed
nl-ev08al1,NL_ev08al1,NL_ev08al1,character,speaker,,,说话人名牌，1 次,,本项目,agreed
nl-fi02al1,NL_fi02al1,NL_fi02al1,character,speaker,,,说话人名牌，1 次,,本项目,agreed
nl-item-book002a,NL_item_book002A,NL_item_book002A,character,speaker,,,说话人名牌，1 次,,本项目,agreed
nl-item-book005a,NL_item_book005A,NL_item_book005A,character,speaker,,,说话人名牌，1 次,,本项目,agreed
nl-item-dish018b,NL_item_dish018B,NL_item_dish018B,character,speaker,,,说话人名牌，1 次,,本项目,agreed
nl-item-final007a,NL_item_final007A,NL_item_final007A,character,speaker,,,说话人名牌，1 次,,本项目,agreed
nl-item-lunch002d,NL_item_lunch002D,NL_item_lunch002D,character,speaker,,,说话人名牌，1 次,,本项目,agreed
nl-item-rna005a,NL_item_rna005A,NL_item_rna005A,character,speaker,,,说话人名牌，1 次,,本项目,agreed
nl-item-sweets012a,NL_item_sweets012A,NL_item_sweets012A,character,speaker,,,说话人名牌，1 次,,本项目,agreed
nl-item-txbios010a,NL_item_txbios010A,NL_item_txbios010A,character,speaker,,,说话人名牌，1 次,,本项目,agreed
nl-item-wear008a,NL_item_wear008A,NL_item_wear008A,character,speaker,,,说话人名牌，1 次,,本项目,agreed
nl-item-wear111a,NL_item_wear111A,NL_item_wear111A,character,speaker,,,说话人名牌，1 次,,本项目,agreed
nl-ma06al1,NL_ma06al1,NL_ma06al1,character,speaker,,,说话人名牌，1 次,,本项目,agreed
nl-s01b,NL_s01B,NL_s01B,character,speaker,,,说话人名牌，1 次,,本项目,agreed
nl-s08al1,NL_s08al1,NL_s08al1,character,speaker,,,说话人名牌，1 次,,本项目,agreed
nl-sw09al1,NL_sw09al1,NL_sw09al1,character,speaker,,,说话人名牌，1 次,,本项目,agreed
nl-tu01d,NL_tu01D,NL_tu01D,character,speaker,,,说话人名牌，1 次,,本项目,agreed
nl-we04d,NL_we04D,NL_we04D,character,speaker,,,说话人名牌，1 次,,本项目,agreed
ownevent-05,OwnEvent_05,OwnEvent_05,character,speaker,,,说话人名牌，1 次,,本项目,agreed
pas-assem,pas_assem,pas_assem,character,speaker,,,说话人名牌，1 次,,本项目,agreed
pas-siboru,pas_siboru,pas_siboru,character,speaker,,,说话人名牌，1 次,,本项目,agreed
piyo03,piyo03,piyo03,character,speaker,,,说话人名牌，1 次,,本项目,agreed
plasma-2,PLASMA隊員,PLASMA队员,character,speaker,,,说话人名牌，5 次,,本项目,agreed
plasma-3,PLASMAの長官,PLASMA长官,character,speaker,,,说话人名牌，2 次,,本项目,agreed
purpose-date-planet,purpose_date_planet,purpose_date_planet,character,speaker,,,说话人名牌，1 次,,本项目,agreed
rt-as01e,RT_as01E,RT_as01E,character,speaker,,,说话人名牌，1 次,,本项目,agreed
rt-bk01a,RT_bk01A,RT_bk01A,character,speaker,,,说话人名牌，1 次,,本项目,agreed
rt-cl02a,RT_cl02A,RT_cl02A,character,speaker,,,说话人名牌，1 次,,本项目,agreed
rt-d03e,RT_d03E,RT_d03E,character,speaker,,,说话人名牌，1 次,,本项目,agreed
rt-d08c,RT_d08C,RT_d08C,character,speaker,,,说话人名牌，1 次,,本项目,agreed
rt-d12al2,RT_d12al2,RT_d12al2,character,speaker,,,说话人名牌，1 次,,本项目,agreed
rt-dr07a,RT_dr07A,RT_dr07A,character,speaker,,,说话人名牌，1 次,,本项目,agreed
rt-ev03b,RT_ev03B,RT_ev03B,character,speaker,,,说话人名牌，1 次,,本项目,agreed
rt-ev10al1,RT_ev10al1,RT_ev10al1,character,speaker,,,说话人名牌，1 次,,本项目,agreed
rt-fi02c,RT_fi02C,RT_fi02C,character,speaker,,,说话人名牌，1 次,,本项目,agreed
rt-item-book004a,RT_item_book004A,RT_item_book004A,character,speaker,,,说话人名牌，1 次,,本项目,agreed
rt-item-cathode009a,RT_item_cathode009A,RT_item_cathode009A,character,speaker,,,说话人名牌，1 次,,本项目,agreed
rt-item-event009b,RT_item_event009B,RT_item_event009B,character,speaker,,,说话人名牌，1 次,,本项目,agreed
rt-item-final010a,RT_item_final010A,RT_item_final010A,character,speaker,,,说话人名牌，1 次,,本项目,agreed
rt-item-lunch004a,RT_item_lunch004A,RT_item_lunch004A,character,speaker,,,说话人名牌，1 次,,本项目,agreed
rt-item-salad001a,RT_item_salad001A,RT_item_salad001A,character,speaker,,,说话人名牌，1 次,,本项目,agreed
rt-item-tool004a,RT_item_tool004A,RT_item_tool004A,character,speaker,,,说话人名牌，1 次,,本项目,agreed
rt-item-wear011a,RT_item_wear011A,RT_item_wear011A,character,speaker,,,说话人名牌，1 次,,本项目,agreed
rt-ma01a,RT_ma01A,RT_ma01A,character,speaker,,,说话人名牌，1 次,,本项目,agreed
rt-mt02a,RT_mt02A,RT_mt02A,character,speaker,,,说话人名牌，1 次,,本项目,agreed
rt-result02-08,RT_RESULT02_08,RT_RESULT02_08,character,speaker,,,说话人名牌，1 次,,本项目,agreed
rt-s05b,RT_s05B,RT_s05B,character,speaker,,,说话人名牌，1 次,,本项目,agreed
rt-sw04al1,RT_sw04al1,RT_sw04al1,character,speaker,,,说话人名牌，1 次,,本项目,agreed
rt-to02c,RT_to02C,RT_to02C,character,speaker,,,说话人名牌，1 次,,本项目,agreed
rt-we03al1,RT_we03al1,RT_we03al1,character,speaker,,,说话人名牌，1 次,,本项目,agreed
salad001,salad001,salad001,character,speaker,,,说话人名牌，1 次,,本项目,agreed
sea-kigae,sea_kigae,sea_kigae,character,speaker,,,说话人名牌，1 次,,本项目,agreed
sea-s04,sea_s04,sea_s04,character,speaker,,,说话人名牌，1 次,,本项目,agreed
seasonal-hinamaturi-tch02,Seasonal_hinamaturi_tch02,Seasonal_hinamaturi_tch02,character,speaker,,,说话人名牌，1 次,,本项目,agreed
seasonal-unndoukai,Seasonal_unndoukai,Seasonal_unndoukai,character,speaker,,,说话人名牌，1 次,,本项目,agreed
select-day-spa,select_day_spa,select_day_spa,character,speaker,,,说话人名牌，1 次,,本项目,agreed
sleep-t00,sleep_T00,sleep_T00,character,speaker,,,说话人名牌，1 次,,本项目,agreed
soine-sasayaki03-03,SOINE_sasayaki03_03,SOINE_sasayaki03_03,character,speaker,,,说话人名牌，1 次,,本项目,agreed
soine-sasayaki07-02,SOINE_sasayaki07_02,SOINE_sasayaki07_02,character,speaker,,,说话人名牌，1 次,,本项目,agreed
sp-dlc-recipe06-tch,SP_DLC_recipe06_tch,SP_DLC_recipe06_tch,character,speaker,,,说话人名牌，1 次,,本项目,agreed
sp02-01t,SP02_01T,SP02_01T,character,speaker,,,说话人名牌，1 次,,本项目,agreed
sys-and,sys_and,sys_and,character,speaker,,,说话人名牌，1 次,,本项目,agreed
sys-date03-end,Sys_Date03_End,Sys_Date03_End,character,speaker,,,说话人名牌，1 次,,本项目,agreed
sys-days-recycle12,sys_days_recycle12,sys_days_recycle12,character,speaker,,,说话人名牌，1 次,,本项目,agreed
sys-dream09-end,Sys_Dream09_End,Sys_Dream09_End,character,speaker,,,说话人名牌，1 次,,本项目,agreed
ta-nel07,ta_NEL07,ta_NEL07,character,speaker,,,说话人名牌，1 次,,本项目,agreed
ta-nel17a,ta_NEL17A,ta_NEL17A,character,speaker,,,说话人名牌，1 次,,本项目,agreed
ta-nel28a,ta_NEL28A,ta_NEL28A,character,speaker,,,说话人名牌，1 次,,本项目,agreed
tas-cle00,tas_cle00,tas_cle00,character,speaker,,,说话人名牌，1 次,,本项目,agreed
tas-mt00,tas_mt00,tas_mt00,character,speaker,,,说话人名牌，1 次,,本项目,agreed
tas-slbc00,tas_slBC00,tas_slBC00,character,speaker,,,说话人名牌，1 次,,本项目,agreed
tron-yome-back,TRON_YOME_BACK,TRON_YOME_BACK,character,speaker,,,说话人名牌，1 次,,本项目,agreed
tu08,tu08,tu08,character,speaker,,,说话人名牌，1 次,,本项目,agreed
us-accp06,us_accP06,us_accP06,character,speaker,,,说话人名牌，1 次,,本项目,agreed
us-head007,us_head007,us_head007,character,speaker,,,说话人名牌，1 次,,本项目,agreed
us-wearp09,us_wearP09,us_wearP09,character,speaker,,,说话人名牌，1 次,,本项目,agreed
useeventall-trigger-acc03,UseEventALL_Trigger_acc03,UseEventALL_Trigger_acc03,character,speaker,,,说话人名牌，1 次,,本项目,agreed
user-goto-word01,User_Goto_Word01,User_Goto_Word01,character,speaker,,,说话人名牌，1 次,,本项目,agreed
wear-choice,wear_choice,wear_choice,character,speaker,,,说话人名牌，1 次,,本项目,agreed
