file,rows
executable.csv,377
global.csv,3698
items.csv,1152
script/01.csv,1849
script/02.csv,1349
script/03.csv,1611
script/04.csv,1779
script/05.csv,2385
script/06.csv,2111
script/07.csv,1830
script/08.csv,2828
script/09.csv,2054
script/10.csv,1861
script/11.csv,1300
script/12.csv,2475
script/13.csv,2805
script/activeevent01.csv,1593
script/cafeevent.csv,239
script/chatevent01.csv,2441
script/dateevent00.csv,253
script/dateevent01.csv,186
script/dateevent02.csv,189
script/dateevent06.csv,231
script/dateevent07.csv,160
script/dateevent08.csv,204
script/dateevent12.csv,308
script/dateevent13.csv,241
script/dateevent14.csv,173
script/dateevent18.csv,174
script/dateevent19.csv,185
script/dateevent20.csv,158
script/dateevent24.csv,260
script/dateevent25.csv,173
script/dateevent26.csv,174
script/dateevent30.csv,164
script/dateevent31.csv,178
script/dateevent32.csv,138
script/dateevent36.csv,190
script/dateevent37.csv,190
script/dateevent38.csv,166
script/dateevent48.csv,130
script/dateevent49.csv,163
script/dateevent50.csv,153
script/dateevent54.csv,214
script/dateevent55.csv,150
script/dateevent56.csv,150
script/dateevent_p.csv,501
script/dateevent_tch.csv,178
script/dateeventroot.csv,61
script/dateevents00.csv,733
script/dateevents01.csv,638
script/dateevents02.csv,613
script/dateevents03.csv,745
script/dateevents04.csv,662
script/dateevents05.csv,855
script/dateevents06.csv,694
script/dateevents07.csv,263
script/dateevents08.csv,720
script/dateevents09.csv,689
script/dateromevent.csv,1503
script/daysevent00.csv,291
script/daysevent01.csv,119
script/daysevent02.csv,108
script/daysevent03.csv,94
script/daysevent04.csv,155
script/daysevent05.csv,159
script/daysevent06.csv,179
script/daysevent07.csv,178
script/daysevent08.csv,178
script/daysevent09.csv,188
script/daysevent10.csv,191
script/daysevent11.csv,187
script/daysevent12.csv,184
script/daysevent13.csv,173
script/daysevent14.csv,181
script/daysevent15.csv,168
script/daysevent_book.csv,436
script/dayseventex.csv,560
script/dayseventrc01.csv,345
script/daystaskevent01.csv,276
script/endingevent.csv,870
script/ex01.csv,264
script/ex02.csv,245
script/ex03.csv,278
script/ex04.csv,169
script/ex05.csv,482
script/ex06.csv,508
script/ex07.csv,311
script/ex08.csv,186
script/formatevent01.csv,1304
script/haircutevent.csv,333
script/itemevent01.csv,1157
script/itemevent02.csv,602
script/itemevent03.csv,515
script/itemevent04.csv,433
script/itemevent05.csv,367
script/itemevent06.csv,306
script/itemevent07.csv,232
script/itemevent08.csv,219
script/itemevent09.csv,224
script/itemevent10.csv,206
script/itemevent11.csv,201
script/itemevent12.csv,322
script/itemevent_campaign.csv,31
script/itemeventdlc.csv,458
script/linkarnosurge.csv,406
script/lockevent.csv,138
script/mainscenarioevent.csv,534
script/mainscenarioevent02.csv,493
script/mainscenarioevent03.csv,531
script/mainscenarioevent04.csv,456
script/mainscenarioevent05.csv,525
script/mainscenarioevent06.csv,419
script/mainscenarioevent07.csv,410
script/mainscenarioevent08.csv,410
script/mainscenarioevent09.csv,389
script/mainscenarioevent10.csv,401
script/mainscenarioevent11.csv,339
script/mainscenarioevent12.csv,417
script/menuevent00.csv,953
script/nelico_dateevent.csv,1028
script/nelicoevent.csv,1858
script/ownevent.csv,1005
script/passiveevent01.csv,949
script/presentitem.csv,6
script/relationevent.csv,416
script/seasonevent.csv,1990
script/soineevent.csv,2100
script/special.csv,247
script/systemevent.csv,67
script/tutorialevent.csv,1135
script/useeventall.csv,232
script/wear_choice.csv,639
settings.csv,54
speakers.csv,429
terms-in-text.csv,660
ui.csv,8238
