id,jp,zh,status,kind,src,ctl,occurrences,note
91004,天文,天文,translated,glossary-marker,d746b22f67,br=0 nl=0,11,官方译名(光荣特库摩台湾)官方译名(光荣特库摩台湾)
91005,地文,地文,translated,glossary-marker,8884de35c9,br=0 nl=0,11,官方译名(光荣特库摩台湾)官方译名(光荣特库摩台湾)
91006,シェルノトロン,榭鲁诺特伦,translated,glossary-marker,a4d6f4f1dd,br=0 nl=0,10,官方译名(光荣特库摩台湾)官方译名(光荣特库摩台湾)
91007,皇位継承の儀,皇位继承仪式,translated,glossary-marker,d46b5cf548,br=0 nl=0,9,官方译名(光荣特库摩台湾)官方译名(光荣特库摩台湾)
91008,皇女,皇女,translated,glossary-marker,c6f8a22aba,br=0 nl=0,9,官方译名(光荣特库摩台湾)官方译名(光荣特库摩台湾)
91009,ジェノム,杰诺姆,translated,glossary-marker,14abe46066,br=0 nl=0,9,官方译名(光荣特库摩台湾)官方译名(光荣特库摩台湾)
91010,同調,同调,translated,glossary-marker,7b27ecf113,br=0 nl=0,9,官方译名(光荣特库摩台湾)官方译名(光荣特库摩台湾)
91011,万寿沙羅,万寿沙罗,translated,glossary-marker,26578e0961,br=0 nl=0,9,官方译名(光荣特库摩台湾)官方译名(光荣特库摩台湾)
91012,コロン,克隆,translated,glossary-marker,08dc89c1c7,br=0 nl=0,8,官方译名(光荣特库摩台湾)官方译名(光荣特库摩台湾)
91013,PLASMA,PLASMA,translated,glossary-marker,ae08854535,br=0 nl=0,8,
91014,皇帝,皇帝,translated,glossary-marker,198d15ea13,br=0 nl=0,7,官方译名(光荣特库摩台湾)官方译名(光荣特库摩台湾)
91015,ファーストハーモニクス,第一谐波,translated,glossary-marker,32aeb81ae5,br=0 nl=0,7,
91016,チェイン,连锁,translated,glossary-marker,6ae12057df,br=0 nl=0,7,
91017,夢ノ珠,梦之珠,translated,glossary-marker,93601dd385,br=0 nl=0,7,
91018,グランフェニックス計画,大凤凰计划,translated,glossary-marker,6cbfb88c48,br=0 nl=0,7,官方译名(光荣特库摩台湾)官方译名(光荣特库摩台湾)
91019,ジェノメトリクス,梦世界,translated,glossary-marker,472bff30ce,br=0 nl=0,6,官方译名(光荣特库摩台湾)官方译名(光荣特库摩台湾)
91020,プラネタリー・メゾン,行星公馆,translated,glossary-marker,367f35a37f,br=0 nl=0,6,
91021,チューブ・カンパニー,管体公司,translated,glossary-marker,579e749364,br=0 nl=0,6,
91022,G2トロン,G2特伦,translated,glossary-marker,93ef19aafc,br=0 nl=0,6,官方译名(光荣特库摩台湾)官方译名(光荣特库摩台湾)
91023,俯瞰視点,俯瞰视点,translated,glossary-marker,155f990450,br=0 nl=0,6,官方译名(光荣特库摩台湾)官方译名(光荣特库摩台湾)
91024,宮城,皇宫,translated,glossary-marker,6333fc99d7,br=0 nl=0,5,
91025,クオンタイズ,库翁泰兹,translated,glossary-marker,91873c6172,br=0 nl=0,5,官方译名(光荣特库摩台湾)官方译名(光荣特库摩台湾)
91026,フォーシーズン,四季,translated,glossary-marker,1fcf727b8d,br=0 nl=0,5,
91027,アルメティカ,阿尔梅堤嘉,translated,glossary-marker,0a2ae4f1ba,br=0 nl=0,5,官方译名(光荣特库摩台湾)官方译名(光荣特库摩台湾)
91028,バースト,爆炸,translated,glossary-marker,0e619490c8,br=0 nl=0,5,
91029,断線,断线,translated,glossary-marker,c876f34d2b,br=0 nl=0,4,
91030,TxBIOS,TxBIOS,translated,glossary-marker,8b99dd0fc8,br=0 nl=0,4,
91031,ネプトロン,尼普特伦,translated,glossary-marker,3a0e08fc17,br=0 nl=0,4,官方译名(光荣特库摩台湾)官方译名(光荣特库摩台湾)
91032,ジェノミライ,杰诺米莱伊,translated,glossary-marker,8f4f5c8571,br=0 nl=0,4,官方译名(光荣特库摩台湾)官方译名(光荣特库摩台湾)
91033,ソレイル,太阳号,translated,glossary-marker,b4c6270453,br=0 nl=0,4,官方译名(光荣特库摩台湾)官方译名(光荣特库摩台湾)
91034,ヒトガタ,人形,translated,glossary-marker,a1f21e7fbe,br=0 nl=0,4,
91035,アストロサイト・モジュラトリ・ウィルス,星形胶质细胞调节病毒,translated,glossary-marker,670ed6b418,br=0 nl=0,4,
91036,シャール,夏尔,translated,glossary-marker,aba0da7de3,br=0 nl=0,4,官方译名(光荣特库摩台湾)官方译名(光荣特库摩台湾)
91037,皇女の衣,皇女之衣,translated,glossary-marker,09e83387dd,br=0 nl=0,3,
91038,シェルノトロン・パニック,榭鲁诺特伦恐慌,translated,glossary-marker,b97989f713,br=0 nl=0,3,
91039,縦貫坑道,纵贯坑道,translated,glossary-marker,c6d957daa1,br=0 nl=0,3,官方译名(光荣特库摩台湾)官方译名(光荣特库摩台湾)
91040,救星イオン応援団,救星依恩应援团,translated,glossary-marker,ccefcb2c77,br=0 nl=0,3,
91041,ぱれす・にゅろきーる,喵洛基鲁・王宫,translated,glossary-marker,48b32303bf,br=0 nl=0,3,官方译名(光荣特库摩台湾)官方译名(光荣特库摩台湾)
91042,シェルノトロンサーバー,榭鲁诺特伦服务器,translated,glossary-marker,5edf42a919,br=0 nl=0,3,
91043,セーブベゼル,存档贝捷尔,translated,glossary-marker,7ae060e9ac,br=0 nl=0,3,
91044,SHSヘテロマイシン,SHS杂霉素,translated,glossary-marker,6d9e15f977,br=0 nl=0,3,
91045,Tz波,Tz波,translated,glossary-marker,d4efe10cce,br=0 nl=0,2,官方译名(光荣特库摩台湾)官方译名(光荣特库摩台湾)
91046,波動科学,波动科学,translated,glossary-marker,79725f10f7,br=0 nl=0,2,官方译名(光荣特库摩台湾)官方译名(光荣特库摩台湾)
91047,ラシェーラ・スターライト,拉榭拉星光,translated,glossary-marker,65d9f0fb6f,br=0 nl=0,2,
91048,コロン・フォーシーズン,克隆四季,translated,glossary-marker,b7d8395551,br=0 nl=0,2,官方译名(光荣特库摩台湾)官方译名(光荣特库摩台湾)
91049,インターディメンド,跨维度,translated,glossary-marker,ebf2f69667,br=0 nl=0,2,
91050,アルノサージュ管,Ar nosurge管,translated,glossary-marker,ff24310d2a,br=0 nl=0,2,
91051,gRNAウィルスβ,gRNA病毒β,translated,glossary-marker,b3b62739dd,br=0 nl=0,2,
91052,セントラルユニット,中央单元,translated,glossary-marker,162515906f,br=0 nl=0,2,
91053,力場,力场,translated,glossary-marker,7f83e7ef5a,br=0 nl=0,2,
91054,テンプルナイト,圣殿骑士,translated,glossary-marker,788079ab0f,br=0 nl=0,2,
91055,パークパスニュロン,主题乐园护照纽伦,translated,glossary-marker,115fd6b027,br=0 nl=0,2,官方译名(光荣特库摩台湾)
91056,ウェーブバースト,波动爆炸,translated,glossary-marker,4f85667d13,br=0 nl=0,1,官方译名(光荣特库摩台湾)官方译名(光荣特库摩台湾)
91057,縷縷,缕缕,translated,glossary-marker,2a3b1d63dd,br=0 nl=0,1,
91058,アタシが昔着てた服,我以前穿过的衣服,translated,glossary-marker,8b894094a9,br=0 nl=0,1,
91059,対波動シェル,对波动外壳,translated,glossary-marker,c9324d5224,br=0 nl=0,1,
91060,声帯域の限界,声带音域的极限,translated,glossary-marker,4f4cae15f2,br=0 nl=0,1,
91061,天文へ登録手続き,天文的登记手续,translated,glossary-marker,03e66c5402,br=0 nl=0,1,
91062,天香区,天香区,translated,glossary-marker,f8a416a056,br=0 nl=0,1,
91063,断界,断界,translated,glossary-marker,38a9e14e64,br=0 nl=0,1,
91064,軌道エレベイタ,轨道升降机,translated,glossary-marker,2d7da8fe26,br=0 nl=0,1,
91065,マテリアルパレット,素材面板,translated,glossary-marker,787ee533b7,br=0 nl=0,1,
91066,シェルノトロンを貸してくれ,借我榭鲁诺特伦吧,translated,glossary-marker,e65583cb3d,br=0 nl=0,1,
91067,ワイヤーシップ,线导船,translated,glossary-marker,052289a384,br=0 nl=0,1,官方译名(光荣特库摩台湾)官方译名(光荣特库摩台湾)
91068,用語１,词条１,translated,glossary-marker,e213dd6a5c,br=0 nl=0,1,
91069,用語２,词条２,translated,glossary-marker,4025589570,br=0 nl=0,1,
91070,用語３,词条３,translated,glossary-marker,2c430ae3a5,br=0 nl=0,1,
91071,用語４,词条４,translated,glossary-marker,e10b735e71,br=0 nl=0,1,
91072,用語５,词条５,translated,glossary-marker,22572ad4b3,br=0 nl=0,1,
91073,用語６,词条６,translated,glossary-marker,8a7ccda37e,br=0 nl=0,1,
91074,用語７,词条７,translated,glossary-marker,69b8ddcd4b,br=0 nl=0,1,
91075,用語８,词条８,translated,glossary-marker,27860d7d34,br=0 nl=0,1,
91076,用語９,词条９,translated,glossary-marker,7719a59377,br=0 nl=0,1,
91077,用語１０,词条１０,translated,glossary-marker,691aa38662,br=0 nl=0,1,
91078,用語１１,词条１１,translated,glossary-marker,abfd2bec9a,br=0 nl=0,1,
91079,用語１２,词条１２,translated,glossary-marker,755d8b81f8,br=0 nl=0,1,
91080,用語１３,词条１３,translated,glossary-marker,ef11badb6a,br=0 nl=0,1,
91081,用語１４,词条１４,translated,glossary-marker,43ce8878f9,br=0 nl=0,1,
91082,用語１５,词条１５,translated,glossary-marker,2de362e0c5,br=0 nl=0,1,
91083,用語１６,词条１６,translated,glossary-marker,60e45b9f61,br=0 nl=0,1,
91084,用語１７,词条１７,translated,glossary-marker,71fb0c5bd7,br=0 nl=0,1,
91085,用語１８,词条１８,translated,glossary-marker,f5f3291e8c,br=0 nl=0,1,
91086,用語１９,词条１９,translated,glossary-marker,4e4557314b,br=0 nl=0,1,
91087,用語２０,词条２０,translated,glossary-marker,3e8952d224,br=0 nl=0,1,
91088,用語２１,词条２１,translated,glossary-marker,3f5eb4edf4,br=0 nl=0,1,
91089,用語２２,词条２２,translated,glossary-marker,2c78ab4d5f,br=0 nl=0,1,
91090,用語２３,词条２３,translated,glossary-marker,ba622ae608,br=0 nl=0,1,
91091,用語２４,词条２４,translated,glossary-marker,4bd47c8c7c,br=0 nl=0,1,
91092,用語２５,词条２５,translated,glossary-marker,f5ecde1e86,br=0 nl=0,1,
91093,用語２６,词条２６,translated,glossary-marker,90f9f05331,br=0 nl=0,1,
91094,用語２７,词条２７,translated,glossary-marker,270327b076,br=0 nl=0,1,
91095,用語２８,词条２８,translated,glossary-marker,46967d18a0,br=0 nl=0,1,
91096,用語２９,词条２９,translated,glossary-marker,62ac4419c2,br=0 nl=0,1,
91097,用語３０,词条３０,translated,glossary-marker,f95b3ad822,br=0 nl=0,1,
91098,用語３１,词条３１,translated,glossary-marker,5a5da8bd7c,br=0 nl=0,1,
91099,用語３２,词条３２,translated,glossary-marker,c3cd2ae291,br=0 nl=0,1,
91100,用語３３,词条３３,translated,glossary-marker,f9641cb699,br=0 nl=0,1,
91101,用語３４,词条３４,translated,glossary-marker,8a208fc6d8,br=0 nl=0,1,
91102,用語３５,词条３５,translated,glossary-marker,fed505d7fe,br=0 nl=0,1,
91103,用語３６,词条３６,translated,glossary-marker,96a8217ff4,br=0 nl=0,1,
91104,用語３７,词条３７,translated,glossary-marker,94a75e12df,br=0 nl=0,1,
91105,用語３８,词条３８,translated,glossary-marker,436c45c7c1,br=0 nl=0,1,
91106,用語３９,词条３９,translated,glossary-marker,23e6ccd62d,br=0 nl=0,1,
91107,用語４０,词条４０,translated,glossary-marker,987d4435d9,br=0 nl=0,1,
91108,用語４１,词条４１,translated,glossary-marker,1a4bee95b2,br=0 nl=0,1,
91109,用語４２,词条４２,translated,glossary-marker,caca66698f,br=0 nl=0,1,
91110,用語４３,词条４３,translated,glossary-marker,d97d2e4229,br=0 nl=0,1,
91111,用語４４,词条４４,translated,glossary-marker,bd7e1290e3,br=0 nl=0,1,
91112,用語４５,词条４５,translated,glossary-marker,a3f1ea6eb3,br=0 nl=0,1,
91113,重力場発生装置,重力场发生装置,translated,glossary-marker,feb67d5d28,br=0 nl=0,1,
91114,小鳥が多い,有很多小鸟,translated,glossary-marker,4fc7348538,br=0 nl=0,1,
91115,セーブ・ベゼル,存档贝捷尔,translated,glossary-marker,77baeb336f,br=0 nl=0,1,
91116,D28区域,D28区域,translated,glossary-marker,40445d3d47,br=0 nl=0,1,
91117,配導盤,配导盘,translated,glossary-marker,4eb05fc543,br=0 nl=0,1,
91118,高感度シェルノトロン,高灵敏度榭鲁诺特伦,translated,glossary-marker,3cc00fae6b,br=0 nl=0,1,
91119,メゾン・セントリア,中央公馆,translated,glossary-marker,c6a46d6487,br=0 nl=0,1,
91120,イオナサルさまフィギュア,依欧娜萨鲁大人手办,translated,glossary-marker,5a63c5e0dc,br=0 nl=0,1,
91121,バイオス屋,BIOS屋,translated,glossary-marker,e91e20302a,br=0 nl=0,1,
91122,メゾンホール,公馆大厅,translated,glossary-marker,42609cf30a,br=0 nl=0,1,
91123,レオン,雷昂,translated,glossary-marker,3583d29291,br=0 nl=0,1,
91124,「ネプトロンタワー」,“尼普特伦塔”,translated,glossary-marker,0c1e6df2f8,br=0 nl=0,1,
91125,「レオン-4213」,“雷昂-4213”,translated,glossary-marker,5a967e39a0,br=0 nl=0,1,
91126,『ネプトロンルーム』,‘尼普特伦室’,translated,glossary-marker,b5ddd296fc,br=0 nl=0,1,
91127,『ネプトロン』,‘尼普特伦’,translated,glossary-marker,c4cc59f0be,br=0 nl=0,1,
91128,ジェノメトリック・カソード,杰诺梅特利库・阴极,translated,glossary-marker,8fb2906746,br=0 nl=0,1,官方译名(光荣特库摩台湾)官方译名(光荣特库摩台湾)
91129,幹部の別宅,干部的别宅,translated,glossary-marker,6d0430afd1,br=0 nl=0,1,
91130,クレイドル,支架,translated,glossary-marker,676c93705e,br=0 nl=0,1,官方译名(光荣特库摩台湾)官方译名(光荣特库摩台湾)
91131,ペアリングコード,配对码,translated,glossary-marker,7b4c745c02,br=0 nl=0,1,
91132,『詩姫』,‘诗姬’,translated,glossary-marker,3f174a2058,br=0 nl=0,1,
91133,ダイバー,潜行者,translated,glossary-marker,ce86d6f5d3,br=0 nl=0,1,官方译名(光荣特库摩台湾)官方译名(光荣特库摩台湾)
91134,ダイブ用のスーツ,潜入用防护服,translated,glossary-marker,9b8485a25a,br=0 nl=0,1,
91135,スペクトラムの形状,光谱的形状,translated,glossary-marker,735e2a7541,br=0 nl=0,1,
91136,「救星イオン応援団」,“救星依恩应援团”,translated,glossary-marker,ea375e706e,br=0 nl=0,1,
91137,PLASMA機密情報局,PLASMA机密情报局,translated,glossary-marker,cfe38b0cb3,br=0 nl=0,1,官方译名(光荣特库摩台湾)
91138,シェルノトロンの大規模規制,榭鲁诺特伦的大规模规制,translated,glossary-marker,792f489649,br=0 nl=0,1,
91139,情報集約都市アルメティカ,信息集约都市阿尔梅堤嘉,translated,glossary-marker,f5e55385d0,br=0 nl=0,1,
91140,REON-4213,REON-4213,translated,glossary-marker,7f74b20f49,br=0 nl=0,1,
91141,アルメティカ営業情報共有者連盟,阿尔梅堤嘉营业信息共享者联盟,translated,glossary-marker,36b8b58e74,br=0 nl=0,1,
91142,大法要,大法要,translated,glossary-marker,b46f0c42b7,br=0 nl=0,1,官方译名(光荣特库摩台湾)官方译名(光荣特库摩台湾)
91143,シェルノトロン医療,榭鲁诺特伦医疗,translated,glossary-marker,33ad36b6b6,br=0 nl=0,1,
91144,電離傘,电离伞,translated,glossary-marker,42f693f8e2,br=0 nl=0,1,
91145,ファースト･ハーモニクス,第一谐波,translated,glossary-marker,7a1b7e2112,br=0 nl=0,1,
91146,いまはカノイール･ククルル･プリシェール,如今是卡诺伊尔・酷酷鲁鲁・普立薛尔,translated,glossary-marker,ae23546469,br=0 nl=0,1,
91147,アルメティカ図書館,阿尔梅堤嘉图书馆,translated,glossary-marker,962299a4c8,br=0 nl=0,1,官方译名(光荣特库摩台湾)
91148,市民契約,市民契约,translated,glossary-marker,8f62e57e0e,br=0 nl=0,1,
91149,"ジェノム側から人間と同調して、
詩魔法を謳わせる","由杰诺姆侧与人类同调，
令其咏唱诗魔法",translated,glossary-marker,bb1e67b65a,br=0 nl=1,1,
91150,お守りのくまさん,护身小熊,translated,glossary-marker,1038b04fe3,br=0 nl=0,1,
91151,四季祭,四季祭,translated,glossary-marker,588511ff1f,br=0 nl=0,1,
91152,にゅろきー,喵洛基,translated,glossary-marker,408b88f11d,br=0 nl=0,1,官方译名(光荣特库摩台湾)
91153,クラスドライブ接続権限,级别驱动连接权限,translated,glossary-marker,ae7bc3fc9b,br=0 nl=0,1,
91154,テリトリー・エクスチェンジ,领地交换,translated,glossary-marker,6adaedffe4,br=0 nl=0,1,
91155,フォーシーズンへのチケット,前往四季的门票,translated,glossary-marker,80e825344e,br=0 nl=0,1,
91156,アストロサイト･モジュラトリ・ウィルス,星形胶质细胞调节病毒,translated,glossary-marker,8681ebadac,br=0 nl=0,1,
91157,万寿沙羅区,万寿沙罗区,translated,glossary-marker,c77f8820af,br=0 nl=0,1,
91158,量子展開扉,量子展开门,translated,glossary-marker,9edaf53d08,br=0 nl=0,1,
91159,同調可能精神レベル,可同调精神等级,translated,glossary-marker,2319531579,br=0 nl=0,1,
91160,万寿沙羅を救った大きな花,拯救万寿沙罗的大花,translated,glossary-marker,7bf722a35d,br=0 nl=0,1,
91161,ラシェーラの芽吹き,拉榭拉的新芽,translated,glossary-marker,922ba8063f,br=0 nl=0,1,
91162,Ｈ波,H波,translated,glossary-marker,62cf90b1da,br=0 nl=0,1,
91163,無尽蔵にシャールを生み出せる訳もない,夏尔也不可能无休止地制造出来,translated,glossary-marker,2023aa88a9,br=0 nl=0,1,
91164,チキチキポン,奇奇砰,translated,glossary-marker,d38f8d4ec2,br=0 nl=0,1,
91165,ミラクルワーム,奇迹蠕虫,translated,glossary-marker,cef9d1fa90,br=0 nl=0,1,
91166,地文調停官,地文调停官,translated,glossary-marker,2d63b3b260,br=0 nl=0,1,
91167,空の亀裂,天空裂缝,translated,glossary-marker,416e2f781c,br=0 nl=0,1,
91168,導師,导师,translated,glossary-marker,0373cbc671,br=0 nl=0,1,
91169,魂のレベル,灵魂等级,translated,glossary-marker,042ada3d1c,br=0 nl=0,1,
91170,統率の詩,统率之诗,translated,glossary-marker,f7c1081fbe,br=0 nl=0,1,
91171,テリトリーエクスチェンジ,领地交换,translated,glossary-marker,b564abb5e8,br=0 nl=0,1,
91172,6軸移動,6轴移动,translated,glossary-marker,b9a1f6f2a8,br=0 nl=0,1,
91173,クオリア,感质,translated,glossary-marker,3e4ec28695,br=0 nl=0,1,
91174,太陽ベゼル,太阳贝捷尔,translated,glossary-marker,481e8b26d9,br=0 nl=0,1,
91175,G2管,G2管,translated,glossary-marker,e316b1d24e,br=0 nl=0,1,
91176,雷哭大樹,雷哭大树,translated,glossary-marker,7600c7f242,br=0 nl=0,1,
91177,ダイブ,潜入,translated,glossary-marker,c72e99fe92,br=0 nl=0,1,
91178,地文大司教,地文大主教,translated,glossary-marker,ab65191ff2,br=0 nl=0,1,
91179,gRNAウィルスα,gRNA病毒α,translated,glossary-marker,10b4a83b76,br=0 nl=0,1,
91180,地位の低い最下層民,地位低下的最底层民众,translated,glossary-marker,df5fc0ca73,br=0 nl=0,1,
91181,プラネタリーメゾン,行星公馆,translated,glossary-marker,9c3de3b932,br=0 nl=0,1,
91182,次世代シェルノトロンサーバー,次世代榭鲁诺特伦服务器,translated,glossary-marker,50445a1024,br=0 nl=0,1,
91183,ジェノミライパンデミック,杰诺米莱伊大流行,translated,glossary-marker,8665ec2680,br=0 nl=0,1,官方译名(光荣特库摩台湾)官方译名(光荣特库摩台湾)
91184,クオリア中心,感质中心,translated,glossary-marker,22d9787a53,br=0 nl=0,1,官方译名(光荣特库摩台湾)
91185,７次元俯瞰理論,7次元俯瞰理论,translated,glossary-marker,6a712bf997,br=0 nl=0,1,
91186,地文調停十二支,地文调停十二支,translated,glossary-marker,b625938012,br=0 nl=0,1,官方译名(光荣特库摩台湾)
91187,第２世代シェルノトロンサーバー,第2世代榭鲁诺特伦服务器,translated,glossary-marker,d91ab955a7,br=0 nl=0,1,
91188,フラスク流体,烧瓶流体,translated,glossary-marker,29ebd916d8,br=0 nl=0,1,
91189,ジェノムは天文幹部を次々と乗っ取って暴走した,杰诺姆相继夺取天文干部的身体并暴走,translated,glossary-marker,bd74e4e84a,br=0 nl=0,1,
91190,シャール消去剤,夏尔消除剂,translated,glossary-marker,8c044de4d4,br=0 nl=0,1,
91191,旧ジェノミライ研究所,旧杰诺米莱伊研究所,translated,glossary-marker,483746c220,br=0 nl=0,1,
91192,クーデターの日,政变之日,translated,glossary-marker,1f572d183b,br=0 nl=0,1,
91193,７次元論,7次元论,translated,glossary-marker,f33c859f42,br=0 nl=0,1,
91194,地文十二支,地文十二支,translated,glossary-marker,0b8873d82b,br=0 nl=0,1,
91195,ラシェール・フューザー,拉榭拉融合器,translated,glossary-marker,f205ea28dc,br=0 nl=0,1,
91196,ジェノム恐慌,杰诺姆恐慌,translated,glossary-marker,195eefb028,br=0 nl=0,1,
91197,ヒュムネスフィア,修姆涅球,translated,glossary-marker,65f2d4bf65,br=0 nl=0,1,
91198,皇帝契絆支,皇帝契绊支,translated,glossary-marker,43aae09e57,br=0 nl=0,1,
91199,カンパニー,公司,translated,glossary-marker,58cccee1f8,br=0 nl=0,1,
91200,謳う丘,鸣之丘,translated,glossary-marker,ae91d457a0,br=0 nl=0,1,
91201,スフィリアルリング,天球环,translated,glossary-marker,f64fc2a994,br=0 nl=0,1,
91202,一心同体,一心同体,translated,glossary-marker,a5cd3372ef,br=0 nl=0,1,
91203,マイクロクエーサー,微类星体,translated,glossary-marker,ea1d70b7e5,br=0 nl=0,1,
91204,イオン,依恩,translated,proper-noun,90d4718c90,br=0 nl=0,3178,官方译名(光荣特库摩台湾)官方译名(光荣特库摩台湾)
91205,デート,约会,translated,proper-noun,71911cd8db,br=0 nl=0,886,
91206,カノン,卡诺,translated,proper-noun,5a6fa752cb,br=0 nl=0,795,官方译名(光荣特库摩台湾)官方译名(光荣特库摩台湾)
91207,イオナサル,依欧娜萨鲁,translated,proper-noun,a3b9e68b75,br=0 nl=0,754,
91208,サーリ,莎丽,translated,proper-noun,8a6ca8f186,br=0 nl=0,533,官方译名(光荣特库摩台湾)官方译名(光荣特库摩台湾)
91209,ラシェーラ,拉榭拉,translated,proper-noun,cfc0acd66c,br=0 nl=0,484,官方译名(光荣特库摩台湾)官方译名(光荣特库摩台湾)
91210,キャス,凯斯,translated,proper-noun,6f807afcb1,br=0 nl=0,478,官方译名(光荣特库摩台湾)官方译名(光荣特库摩台湾)
91211,レシピ,配方,translated,proper-noun,1575a2ee5f,br=0 nl=0,438,
91212,ドキドキ,心跳不已,translated,proper-noun,5969d06882,br=0 nl=0,340,
91213,ラブラブ,亲亲密密,translated,proper-noun,e38e98657a,br=0 nl=0,323,
91214,レナルル,蕾娜露露,translated,proper-noun,b73a299dee,br=0 nl=0,322,官方译名(光荣特库摩台湾)官方译名(光荣特库摩台湾)
91215,エネルギー,能量,translated,proper-noun,578325b56b,br=0 nl=0,307,
91216,パーツ,零件,translated,proper-noun,2ec7f8ee96,br=0 nl=0,297,
91217,セカイ,世界,translated,proper-noun,ca521d4fcf,br=0 nl=0,250,
91218,カノイール,卡诺伊尔,translated,proper-noun,634796a794,br=0 nl=0,241,
91219,クラケット,库拉肯特,translated,proper-noun,b470c4a07c,br=0 nl=0,221,官方译名(光荣特库摩台湾)官方译名(光荣特库摩台湾)
91220,ネプツール,尼普楚尔,translated,proper-noun,d29af0da13,br=0 nl=0,211,官方译名(光荣特库摩台湾)官方译名(光荣特库摩台湾)
91221,トロン,特伦,translated,proper-noun,4a8992950a,br=0 nl=0,177,
91222,ーーー,―――,translated,proper-noun,0bff1022d0,br=0 nl=0,174,
91223,プラム,布拉姆,translated,proper-noun,cda3f27071,br=0 nl=0,166,官方译名(光荣特库摩台湾)官方译名(光荣特库摩台湾)
91224,ビックリ,吃惊,translated,proper-noun,4c56163e11,br=0 nl=0,162,
91225,カフェ,咖啡馆,translated,proper-noun,8de76f0a3c,br=0 nl=0,151,
91226,ルウレイ,鲁雷,translated,proper-noun,7b893749e6,br=0 nl=0,151,
91227,カード,卡片,translated,proper-noun,ab1110fbbc,br=0 nl=0,146,
91228,コーザル,考扎尔,translated,proper-noun,add1deaef8,br=0 nl=0,133,
91229,グレイコフ,古雷柯夫,translated,proper-noun,0bc2e5489e,br=0 nl=0,131,官方译名(光荣特库摩台湾)官方译名(光荣特库摩台湾)
91230,ノエル,诺艾尔,translated,proper-noun,f2ac0a913d,br=0 nl=0,130,
91231,レベル,等级,translated,proper-noun,001bb77928,br=0 nl=0,128,
91232,ウンドゥ,温多,translated,proper-noun,d8d5ad608c,br=0 nl=0,128,官方译名(光荣特库摩台湾)官方译名(光荣特库摩台湾)
91233,トントン,咚咚,translated,proper-noun,31e8ba4980,br=0 nl=0,123,
91234,ホント,真的,translated,proper-noun,ca80f599e7,br=0 nl=0,120,
91235,テレフンケン,泰雷芬肯,translated,proper-noun,ce98c0f0ab,br=0 nl=0,118,官方译名(光荣特库摩台湾)官方译名(光荣特库摩台湾)
91236,コーラス,和声,translated,proper-noun,e6f23f00bd,br=0 nl=0,116,
91237,イメージ,意象,translated,proper-noun,0ece1be953,br=0 nl=0,111,
91238,ヴォーカル,主唱,translated,proper-noun,a9d22c4f25,br=0 nl=0,111,
91239,リーヴェルト,利维尔特,translated,proper-noun,23a3a84bfe,br=0 nl=0,110,官方译名(光荣特库摩台湾)官方译名(光荣特库摩台湾)
91240,メニュー,菜单,translated,proper-noun,8f99b5f7c5,br=0 nl=0,109,
91241,カソード,阴极,translated,proper-noun,184be6220e,br=0 nl=0,106,
91242,ユーザー,用户,translated,proper-noun,e6073ae328,br=0 nl=0,105,
91243,キャスティ,凯斯蒂,translated,proper-noun,9880d2a38c,br=0 nl=0,97,官方译名(光荣特库摩台湾)官方译名(光荣特库摩台湾)
91244,メール,邮件,translated,proper-noun,32ed60ff9f,br=0 nl=0,96,
91245,アイテム,道具,translated,proper-noun,e9b1131f21,br=0 nl=0,95,
91246,デザイン,设计,translated,proper-noun,02f17fee86,br=0 nl=0,95,
91247,ボタン,按钮,translated,proper-noun,ad905be0f2,br=0 nl=0,90,
91248,ショッピングセンター,购物中心,translated,proper-noun,e7396dae46,br=0 nl=0,87,
91249,レディ,女士,translated,proper-noun,7768fa9cae,br=0 nl=0,85,
91250,ウィルス,病毒,translated,proper-noun,8c7d360f60,br=0 nl=0,82,
91251,アンタ,你,translated,proper-noun,30aa1daabe,br=0 nl=0,82,
91252,シェルノサージュ,Ciel nosurge,translated,proper-noun,af37bdc135,br=0 nl=0,78,
91253,ポイント,点数,translated,proper-noun,81299e6a68,br=0 nl=0,75,
91254,エッチ,下流,translated,proper-noun,e148396ef4,br=0 nl=0,72,
91255,アコースティックギター,原声吉他,translated,proper-noun,a7abba5538,br=0 nl=0,71,
91256,フラクテル,弗拉克特尔,translated,proper-noun,1ff139a255,br=0 nl=0,71,
91257,ケーキ,蛋糕,translated,proper-noun,c973e21d6d,br=0 nl=0,70,
91258,ステージ,舞台,translated,proper-noun,382a75488b,br=0 nl=0,70,
91259,レコーディングスタジオ,录音室,translated,proper-noun,b25eb16dcb,br=0 nl=0,68,
91260,ディレクター,总监,translated,proper-noun,074ca740ff,br=0 nl=0,67,
91261,スキル,技能,translated,proper-noun,c1bb54dfca,br=0 nl=0,66,
91262,ポーラーズメモリー,北极星记忆,translated,proper-noun,0fb51c045f,br=0 nl=0,65,
91263,ミキシングエンジニア,混音工程师,translated,proper-noun,b660dbc680,br=0 nl=0,65,
91264,プリティベリー,靓丽浆果,translated,proper-noun,aaec690b69,br=0 nl=0,64,
91265,キャラクターアニメーション,角色动画,translated,proper-noun,6245f96f88,br=0 nl=0,61,
91266,カップル,情侣,translated,proper-noun,deff1678ad,br=0 nl=0,60,
91267,タップ,点击,translated,proper-noun,36724bec3c,br=0 nl=0,59,
91268,メッセージ,消息,translated,proper-noun,6640e4a392,br=0 nl=0,59,
91269,セット,套装,translated,proper-noun,4f70eee769,br=0 nl=0,59,
91270,ヴァイオリン,小提琴,translated,proper-noun,668c16f747,br=0 nl=0,59,
91271,クーリン,库琳,translated,proper-noun,1c6f5779b8,br=0 nl=0,57,
91272,ワクワク,满怀期待,translated,proper-noun,e7676d6c38,br=0 nl=0,55,
91273,パリー,帕里,translated,proper-noun,9824179f52,br=0 nl=0,55,
91274,ベッド,床,translated,proper-noun,de92f995f0,br=0 nl=0,54,
91275,サラダ,沙拉,translated,proper-noun,88b9442e2d,br=0 nl=0,54,
91276,イベント,事件,translated,proper-noun,e18b1ea15d,br=0 nl=0,53,
91277,パフェ,芭菲,translated,proper-noun,c6653ec7e9,br=0 nl=0,52,
91278,ゲーム,游戏,translated,proper-noun,3081d77392,br=0 nl=0,51,
91279,アルノサージュ,Ar nosurge,translated,proper-noun,ba1e15ed75,br=0 nl=0,51,
91280,タオル,毛巾,translated,proper-noun,ab3ea82f2c,br=0 nl=0,51,
91281,モデル,模型,translated,proper-noun,1e20dd673d,br=0 nl=0,50,
91282,チョコ,巧克力,translated,proper-noun,69a825a28c,br=0 nl=0,50,
91283,キノコ,蘑菇,translated,proper-noun,bf3d4468e6,br=0 nl=0,50,
91284,アクセス,访问,translated,proper-noun,94b2107296,br=0 nl=0,49,
91285,シナリオ,剧本,translated,proper-noun,ac940b15df,br=0 nl=0,48,
91286,サーバー,服务器,translated,proper-noun,ad2a4879c0,br=0 nl=0,48,
91287,メガネ,眼镜,translated,proper-noun,bc1a2abb16,br=0 nl=0,46,
91288,サイズ,尺寸,translated,proper-noun,cd33611222,br=0 nl=0,45,
91289,コーヒー,咖啡,translated,proper-noun,cab9ec7ba2,br=0 nl=0,45,
91290,シェル,榭鲁,translated,proper-noun,8ed89b2f0a,br=0 nl=0,45,官方译名(光荣特库摩台湾)官方译名(光荣特库摩台湾)
91291,フィギュア,手办,translated,proper-noun,9dec44a3aa,br=0 nl=0,45,
91292,データ,数据,translated,proper-noun,d4d63da93d,br=0 nl=0,44,
91293,レコーディングエンジニア,录音工程师,translated,proper-noun,dcee02fe85,br=0 nl=0,44,
91294,ロボット,机器人,translated,proper-noun,10f3e14d01,br=0 nl=0,43,
91295,コード,代码,translated,proper-noun,31c02c9bf6,br=0 nl=0,42,
91296,スープ,汤,translated,proper-noun,5622965548,br=0 nl=0,42,
91297,プログラム,程序,translated,proper-noun,7d0d433e79,br=0 nl=0,42,
91298,タッチ,触摸,translated,proper-noun,3b559e6d9c,br=0 nl=0,41,
91299,タイプ,类型,translated,proper-noun,3fc53d5169,br=0 nl=0,41,
91300,システム,系统,translated,proper-noun,b3d83cd9d9,br=0 nl=0,40,
91301,ジュース,果汁,translated,proper-noun,08a070c801,br=0 nl=0,40,
91302,フォロー,关注,translated,proper-noun,d9d966e5a3,br=0 nl=0,39,
91303,コンコン,咚咚,translated,proper-noun,e306de5e96,br=0 nl=0,39,
91304,チューブ,管体,translated,proper-noun,adeab69015,br=0 nl=0,39,
91305,ポールトゥウィン,Pole To Win,translated,proper-noun,e00a82c1ad,br=0 nl=0,39,
91306,メテオライズ,流星化,translated,proper-noun,35c529baed,br=0 nl=0,39,
91307,オーション,海洋,translated,proper-noun,7ddbfbd345,br=0 nl=0,38,
91308,テーブル,桌子,translated,proper-noun,ad4232da13,br=0 nl=0,38,
91309,グランフェニックス,大凤凰,translated,proper-noun,ab9db84f55,br=0 nl=0,38,
91310,アルバム,相册,translated,proper-noun,d720ac115b,br=0 nl=0,37,
91311,クリーム,奶油,translated,proper-noun,659f771ba6,br=0 nl=0,37,
91312,レコーディング,录音,translated,proper-noun,2d6530e92a,br=0 nl=0,37,
91313,ケンカ,吵架,translated,proper-noun,d5f34b9702,br=0 nl=0,37,
91314,ジリリウム,吉利利姆,translated,proper-noun,425e8ee484,br=0 nl=0,37,
91315,アタシ,我,translated,proper-noun,137a578bae,br=0 nl=0,36,
91316,プール,泳池,translated,proper-noun,8075af2928,br=0 nl=0,36,
91317,リンク,链接,translated,proper-noun,8fe750a539,br=0 nl=0,36,
91318,ウェーブ,波动,translated,proper-noun,ba0b8e1e75,br=0 nl=0,36,
91319,プログラミング,编程,translated,proper-noun,a063da1b9c,br=0 nl=0,36,
91320,エージェント,特工,translated,proper-noun,b8d9e324ec,br=0 nl=0,35,
91321,オイル,油,translated,proper-noun,3c468e131b,br=0 nl=0,35,
91322,チャンス,机会,translated,proper-noun,fd395d8bb2,br=0 nl=0,35,
91323,ベゼル,贝捷尔,translated,proper-noun,2df438793b,br=0 nl=0,34,官方译名(光荣特库摩台湾)官方译名(光荣特库摩台湾)
91324,サービス,服务,translated,proper-noun,2dd5ca6b6b,br=0 nl=0,34,
91325,セキュリティ,安全,translated,proper-noun,81b9e6929d,br=0 nl=0,34,
91326,プレゼント,礼物,translated,proper-noun,5a5f08df94,br=0 nl=0,33,
91327,シンプル,简约,translated,proper-noun,f58ac571c9,br=0 nl=0,33,
91328,デザート,甜点,translated,proper-noun,1eaaa08bb3,br=0 nl=0,33,
91329,タイトル,标题,translated,proper-noun,47b4753f22,br=0 nl=0,32,
91330,エレベイタ,升降机,translated,proper-noun,f7c2aac2c5,br=0 nl=0,32,
91331,タイミング,时机,translated,proper-noun,d34a0b6d21,br=0 nl=0,32,
91332,バイオス,BIOS,translated,proper-noun,7f1d3cea01,br=0 nl=0,32,
91333,メギド,梅吉多,translated,proper-noun,f8cb577f04,br=0 nl=0,32,
91334,ウルゥリィヤ,乌鲁莉亚,translated,proper-noun,8d7d82f52f,br=0 nl=0,31,
91335,カロリー,卡路里,translated,proper-noun,92945c9f37,br=0 nl=0,31,
91336,グルメイト,美食伴侣,translated,proper-noun,5cc59ce16a,br=0 nl=0,31,
91337,ショック,震惊,translated,proper-noun,0dd5e6f4f0,br=0 nl=0,31,
91338,ムービー,影像,translated,proper-noun,1087a3cdf3,br=0 nl=0,30,
91339,プラネタリウム,天文馆,translated,proper-noun,946af0190f,br=0 nl=0,30,
91340,ハンバーグ,汉堡排,translated,proper-noun,d146b38f58,br=0 nl=0,30,
91341,リンカージェン,连接基因,translated,proper-noun,9e9c4bf310,br=0 nl=0,30,
91342,テスト,测试,translated,proper-noun,63b560db88,br=0 nl=0,30,
91343,デバッグ,调试,translated,proper-noun,93640dad3a,br=0 nl=0,30,
91344,ガッカリ,失望,translated,proper-noun,8203bc8d35,br=0 nl=0,30,
91345,チェック,检查,translated,proper-noun,0e9a2e499f,br=0 nl=0,29,
91346,プレート,铭牌,translated,proper-noun,fd37704db4,br=0 nl=0,29,
91347,アイツ,那家伙,translated,proper-noun,780109b0fd,br=0 nl=0,29,
91348,メロン,甜瓜,translated,proper-noun,16acc50bb9,br=0 nl=0,28,
91349,ジャジャーン,登登――,translated,proper-noun,97b9753ff8,br=0 nl=0,28,
91350,ジェノミリンク,杰诺米链接,translated,proper-noun,567e4b286b,br=0 nl=0,27,
91351,スタッフ,员工,translated,proper-noun,3ec1136d47,br=0 nl=0,27,
91352,シーン,场景,translated,proper-noun,9feee177dc,br=0 nl=0,27,
91353,プロポーズ,求婚,translated,proper-noun,0f74b8e91d,br=0 nl=0,27,
91354,ナデナデ,摸摸头,translated,proper-noun,69d6efa52d,br=0 nl=0,27,
91355,カタログ,目录,translated,proper-noun,eabd377255,br=0 nl=0,27,
91356,ガラス,玻璃,translated,proper-noun,d3ca8a8168,br=0 nl=0,27,
91357,カレー,咖喱,translated,proper-noun,c143148270,br=0 nl=0,27,
91358,モロッカ,莫罗卡,translated,proper-noun,c4035268d8,br=0 nl=0,27,
91359,コンテ・,分镜・,translated,proper-noun,fa7a65a469,br=0 nl=0,27,
91360,ライバル,宿敌,translated,proper-noun,98b9eb5270,br=0 nl=0,27,
91361,パートナー,搭档,translated,proper-noun,51c6ed0e17,br=0 nl=0,26,
91362,エルリンクス,艾尔林克斯,translated,proper-noun,e3aedcde44,br=0 nl=0,26,
91363,バスタオル,浴巾,translated,proper-noun,143b615a01,br=0 nl=0,26,
91364,プログラマーズセクション,程序员部门,translated,proper-noun,44c735ef17,br=0 nl=0,26,
91365,デザイナーズセクション,设计师部门,translated,proper-noun,4ec447bf85,br=0 nl=0,26,
91366,デベロップメントマネージャー,开发经理,translated,proper-noun,a3540a5b0b,br=0 nl=0,26,
91367,キャラクターデザイン,角色设计,translated,proper-noun,34ac32a91f,br=0 nl=0,26,
91368,セカイパート,世界部分,translated,proper-noun,078b647a1a,br=0 nl=0,26,
91369,ワールドモデリング,世界建模,translated,proper-noun,8443ae1813,br=0 nl=0,26,
91370,シャールデザイン,夏尔设计,translated,proper-noun,9d9cefacba,br=0 nl=0,26,
91371,シャールモデリング,夏尔建模,translated,proper-noun,9e768da080,br=0 nl=0,26,
91372,テクニカルエンジニア,技术工程师,translated,proper-noun,1f8b0ef79d,br=0 nl=0,26,
91373,キャラクターセットアップ,角色装配,translated,proper-noun,2d9c1a161a,br=0 nl=0,26,
91374,マネジメント,管理,translated,proper-noun,644f6dd8a3,br=0 nl=0,26,
91375,バックグラウンドミュージック,背景音乐,translated,proper-noun,a5e60b8440,br=0 nl=0,26,
91376,コンポーザー,作曲家,translated,proper-noun,259843924f,br=0 nl=0,26,
91377,ロジスティックス,后勤,translated,proper-noun,554fc1b9b0,br=0 nl=0,26,
91378,エクストリーム,极限,translated,proper-noun,4974c64ff1,br=0 nl=0,26,
91379,モデリング,建模,translated,proper-noun,a99c62cf43,br=0 nl=0,26,
91380,ポイント・ピクチャーズ,Point Pictures,translated,proper-noun,4b9cc20967,br=0 nl=0,26,
91381,・ミドルウェア,・中间件,translated,proper-noun,854c88dad0,br=0 nl=0,26,
91382,フロンティアワークス,Frontier Works,translated,proper-noun,c8895cc212,br=0 nl=0,26,
91383,プロデューサー,制作人,translated,proper-noun,575cf0850c,br=0 nl=0,26,
91384,オンライン,在线,translated,proper-noun,69078300f2,br=0 nl=0,25,
91385,フレンド,好友,translated,proper-noun,a2f06a5c73,br=0 nl=0,25,
91386,セカイリンク,世界链接,translated,proper-noun,246a7408ea,br=0 nl=0,25,
91387,ミキシング,混音,translated,proper-noun,dd3c09920b,br=0 nl=0,25,
91388,ピッタリ,正合适,translated,proper-noun,fafbc54621,br=0 nl=0,24,
91389,スイッチ,开关,translated,proper-noun,b3a79104b3,br=0 nl=0,24,
91390,イタズラ,恶作剧,translated,proper-noun,e1f2009880,br=0 nl=0,24,
91391,イオナサル・ククルル・プリシェール,依欧娜萨鲁・库库鲁鲁・普立薛尔,translated,proper-noun,b63f5a697d,br=0 nl=0,24,官方译名(光荣特库摩台湾)官方译名(光荣特库摩台湾)
91392,プニプニ,软绵绵,translated,proper-noun,b8747ba6a2,br=0 nl=0,24,
91393,サンタ,圣诞老人,translated,proper-noun,1923ef8214,br=0 nl=0,23,
91394,レシピブック,配方书,translated,proper-noun,e2a0755734,br=0 nl=0,23,
91395,エレキベース,电贝斯,translated,proper-noun,97b8e005a2,br=0 nl=0,23,
91396,バランス,平衡,translated,proper-noun,b53db1eab7,br=0 nl=0,23,
91397,アクセサリー,饰品,translated,proper-noun,56301c76c1,br=0 nl=0,22,
91398,リスト,列表,translated,proper-noun,b096d14061,br=0 nl=0,22,
91399,コメント,评语,translated,proper-noun,41a632efa3,br=0 nl=0,22,
91400,アトラクション,游乐设施,translated,proper-noun,49e19aabfa,br=0 nl=0,22,
91401,ダイエット,节食,translated,proper-noun,5f8e507f93,br=0 nl=0,22,
91402,ケーブル,线缆,translated,proper-noun,084c4dd45f,br=0 nl=0,22,
91403,ドレッシング,调味汁,translated,proper-noun,04e72cd363,br=0 nl=0,22,
91404,パラライノ,帕拉莱诺,translated,proper-noun,989c105a5b,br=0 nl=0,22,
91405,ドキッ,心中一惊,translated,proper-noun,54f1c40f35,br=0 nl=0,22,
91406,オルゴール,八音盒,translated,proper-noun,38c2604e5d,br=0 nl=0,21,
91407,ファン,粉丝,translated,proper-noun,7d0dc59518,br=0 nl=0,21,
91408,アイス,冰淇淋,translated,proper-noun,e48a17956d,br=0 nl=0,21,
91409,アラウンドフレイム,环绕烈焰,translated,proper-noun,128fbddf53,br=0 nl=0,21,
91410,チーズ,奶酪,translated,proper-noun,32c454c2e5,br=0 nl=0,21,
91411,レンズ,镜片,translated,proper-noun,e7e7e13f8d,br=0 nl=0,21,
91412,セリフ,台词,translated,proper-noun,d3def4000e,br=0 nl=0,21,
91413,リアル,真实,translated,proper-noun,81f68fd113,br=0 nl=0,21,
91414,ネプトリュード,尼普特律德,translated,proper-noun,48a0c9f65d,br=0 nl=0,21,
91415,エスコート,护送,translated,proper-noun,3519daf229,br=0 nl=0,21,
91416,インストール,安装,translated,proper-noun,5da1515b77,br=0 nl=0,20,
91417,ーション,动作,translated,proper-noun,da5911cfdd,br=0 nl=0,20,
91418,アレンジ,改编,translated,proper-noun,a7f2ab107e,br=0 nl=0,20,
91419,テーマ,主题,translated,proper-noun,4561c17e3b,br=0 nl=0,20,
91420,ショート,短款,translated,proper-noun,58dd9da25c,br=0 nl=0,20,
91421,ネットワーク,网络,translated,proper-noun,12bc92db7d,br=0 nl=0,20,
91422,ペンダント,吊坠,translated,proper-noun,6e5059bf01,br=0 nl=0,20,
91423,パーカッション,打击乐,translated,proper-noun,b5c517e01d,br=0 nl=0,20,
91424,ダメダメ,不行不行,translated,proper-noun,89c25a449b,br=0 nl=0,20,
91425,コーンコン,咚咚咚,translated,proper-noun,f10633c13a,br=0 nl=0,20,
91426,アウトゴット,奥特戈德,translated,proper-noun,2e6a7a61e9,br=0 nl=0,19,
91427,ロザリオ,念珠,translated,proper-noun,5a0e6fd542,br=0 nl=0,19,
91428,コンパウンドケーキ,复合蛋糕,translated,proper-noun,e590519838,br=0 nl=0,19,
91429,カエル,青蛙,translated,proper-noun,e30cceba92,br=0 nl=0,19,
91430,プライムグラス,优质杯,translated,proper-noun,c0740930fb,br=0 nl=0,19,
91431,ページ,页,translated,proper-noun,b4f80c7418,br=0 nl=0,19,
91432,メイン,主要,translated,proper-noun,2a865a6304,br=0 nl=0,19,
91433,ヒント,提示,translated,proper-noun,faa6e70175,br=0 nl=0,19,
91434,スベスベ,光滑溜溜,translated,proper-noun,f0b882bde9,br=0 nl=0,19,
91435,ゲット,获得,translated,proper-noun,974689064a,br=0 nl=0,18,
91436,・シャール,・夏尔,translated,proper-noun,2620652a77,br=0 nl=0,18,
91437,マップ,地图,translated,proper-noun,5408c1debd,br=0 nl=0,18,
91438,アクアドーム,水穹顶,translated,proper-noun,28184de3df,br=0 nl=0,18,
91439,グッズ,周边商品,translated,proper-noun,1dacfa28b6,br=0 nl=0,18,
91440,チューンシロップ,调谐糖浆,translated,proper-noun,a8e0b6b1e3,br=0 nl=0,18,
91441,スッキリ,舒畅,translated,proper-noun,688731bbd5,br=0 nl=0,18,
91442,ニックネーム,昵称,translated,proper-noun,6e56ebe58f,br=0 nl=0,18,
91443,テンション,兴致,translated,proper-noun,f6979c0935,br=0 nl=0,18,
91444,データベース,数据库,translated,proper-noun,8ac57ca93d,br=0 nl=0,18,
91445,ファンタジー,奇幻,translated,proper-noun,a556f6f9b7,br=0 nl=0,18,
91446,ハッキリ,明确,translated,proper-noun,b5e27d3438,br=0 nl=0,18,
91447,ムード,气氛,translated,proper-noun,c9d4e1dac9,br=0 nl=0,18,
91448,フニフニ,软乎乎,translated,proper-noun,20851443b4,br=0 nl=0,18,
91449,キャラ,角色,translated,proper-noun,10014a4d68,br=0 nl=0,17,
91450,ダイブゲート,潜入之门,translated,proper-noun,8529653f64,br=0 nl=0,17,
91451,タイムライン,时间线,translated,proper-noun,0ded8c457d,br=0 nl=0,17,
91452,ロング,长款,translated,proper-noun,d71db03ed0,br=0 nl=0,17,
91453,パレード,游行,translated,proper-noun,bf99f399a2,br=0 nl=0,17,
91454,ベース,贝斯,translated,proper-noun,871d5ba3d9,br=0 nl=0,17,
91455,グラタン,芝士烤菜,translated,proper-noun,34b5f54193,br=0 nl=0,17,
91456,アルノレシーブ,Ar nosurge接收,translated,proper-noun,d8f97a2e03,br=0 nl=0,17,
91457,クリスマス,圣诞节,translated,proper-noun,a646289ad7,br=0 nl=0,17,
91458,リボン,缎带,translated,proper-noun,e988ec9eea,br=0 nl=0,17,
91459,イヤシーン,令人讨厌的场面,translated,proper-noun,6881e4156e,br=0 nl=0,17,
91460,カフェ・デ・コモ,科莫咖啡馆,translated,proper-noun,68d9657a89,br=0 nl=0,17,
91461,ゼリー,果冻,translated,proper-noun,5ecc5c4ab2,br=0 nl=0,17,
91462,チャーハン,炒饭,translated,proper-noun,e8306f6cf4,br=0 nl=0,17,
91463,ナイトフロッガー,夜间青蛙,translated,proper-noun,f02359e537,br=0 nl=0,17,
91464,フレアガード,耀斑护盾,translated,proper-noun,025da02a96,br=0 nl=0,17,
91465,ラシェールクイーン,拉榭拉女王,translated,proper-noun,ba95ad5021,br=0 nl=0,17,
91466,ジャンボパフェ,特大芭菲,translated,proper-noun,c0a7237ec9,br=0 nl=0,17,
91467,モード,模式,translated,proper-noun,97d717916b,br=0 nl=0,17,
91468,ビッグフラワー,大花朵,translated,proper-noun,b396966c6b,br=0 nl=0,17,
91469,ーーーー,――――,translated,proper-noun,b982202ff3,br=0 nl=0,17,
91470,チケット,门票,translated,proper-noun,3549da8852,br=0 nl=0,17,
91471,メゾン,公馆,translated,proper-noun,094246f195,br=0 nl=0,17,
91472,フェスティバル,节日,translated,proper-noun,cd862d420f,br=0 nl=0,17,
91473,ショー,表演,translated,proper-noun,86567ad788,br=0 nl=0,17,
91474,トロンネットワーク,特伦网络,translated,proper-noun,9e66ae3e01,br=0 nl=0,17,
91475,ホラー,恐怖,translated,proper-noun,1dec9772cd,br=0 nl=0,17,
91476,ジャンク,废品,translated,proper-noun,d7c254ccb4,br=0 nl=0,17,
91477,コマンド,指令,translated,proper-noun,49b7386bc1,br=0 nl=0,16,
91478,パワー,力量,translated,proper-noun,4c0c4a4c87,br=0 nl=0,16,
91479,オプション,选项,translated,proper-noun,6e0510a665,br=0 nl=0,16,
91480,カテゴリ,类别,translated,proper-noun,50462d5f5d,br=0 nl=0,16,
91481,キャンセル,取消,translated,proper-noun,269b0f92e4,br=0 nl=0,16,
91482,リコーダー,竖笛,translated,proper-noun,1448956b32,br=0 nl=0,16,
91483,メイド,女仆,translated,proper-noun,9c3aa8eee0,br=0 nl=0,16,
91484,ガラガラ,空空荡荡,translated,proper-noun,3d8d54d921,br=0 nl=0,16,
91485,ニュロスティック,喵洛棒,translated,proper-noun,b02e551593,br=0 nl=0,16,
91486,ハラハラドリンク,捏汗饮料,translated,proper-noun,1a113fdaff,br=0 nl=0,16,
91487,ルビーグラス,红宝石草,translated,proper-noun,8c35577fa5,br=0 nl=0,16,
91488,プリン,布丁,translated,proper-noun,3b8cc004a1,br=0 nl=0,16,
91489,メンテナンス,维护,translated,proper-noun,607de35093,br=0 nl=0,16,
91490,ジャム,果酱,translated,proper-noun,c8a10bab88,br=0 nl=0,16,
91491,ワガママ,任性,translated,proper-noun,95851911f1,br=0 nl=0,16,
91492,メンバー,成员,translated,proper-noun,b3085a2dbe,br=0 nl=0,16,
91493,コントロール,控制,translated,proper-noun,20dc27435f,br=0 nl=0,16,
91494,ハッキング,黑客入侵,translated,proper-noun,5176fe43ef,br=0 nl=0,16,
91495,パーク,公园,translated,proper-noun,28f69b5797,br=0 nl=0,16,
91496,レストラン,餐厅,translated,proper-noun,a4e764301c,br=0 nl=0,16,
91497,ステーキ,牛排,translated,proper-noun,88fd965aea,br=0 nl=0,16,
91498,レシピカード,配方卡,translated,proper-noun,6a0a9611e3,br=0 nl=0,16,
91499,ウエディングドレス,婚纱,translated,proper-noun,8b04cb8548,br=0 nl=0,16,
91500,バーコード,条形码,translated,proper-noun,c5d5c279b7,br=0 nl=0,15,
91501,クリア,通关,translated,proper-noun,a8e5152705,br=0 nl=0,15,
91502,レッドフレーム,红框,translated,proper-noun,c8fb0867d3,br=0 nl=0,15,
91503,リーベルドレス,利维尔礼服,translated,proper-noun,ab69535cb8,br=0 nl=0,15,
91504,ワンピース,连衣裙,translated,proper-noun,0a9d2cb812,br=0 nl=0,15,
91505,オサレカタログ,时髦目录,translated,proper-noun,6d24c7faee,br=0 nl=0,15,
91506,シエスタサンダル,午睡凉鞋,translated,proper-noun,19ce8b2a34,br=0 nl=0,15,
91507,フロスト,霜冻,translated,proper-noun,7df413ef6e,br=0 nl=0,15,
91508,ソース,酱汁,translated,proper-noun,36759ebf45,br=0 nl=0,15,
91509,フォーク,叉子,translated,proper-noun,664380bd2d,br=0 nl=0,15,
91510,マグネムメタル,磁能金属,translated,proper-noun,28640577a3,br=0 nl=0,15,
91511,メディアケーブル,媒体线缆,translated,proper-noun,9e239f8ed5,br=0 nl=0,15,
91512,リミッター,限制器,translated,proper-noun,0371f2af27,br=0 nl=0,15,
91513,デザイン・グラフィック,设计・平面,translated,proper-noun,9c670269cd,br=0 nl=0,15,
91514,エレキギター,电吉他,translated,proper-noun,1fa9044665,br=0 nl=0,15,
91515,アイリッシュブズーキー,爱尔兰布祖基琴,translated,proper-noun,d1c4382eb2,br=0 nl=0,15,
91516,アイリッシュブズーキ,爱尔兰布祖基琴,translated,proper-noun,420248b6f2,br=0 nl=0,15,
91517,ホイッスル,哨子,translated,proper-noun,f9c2bb1a8a,br=0 nl=0,15,
91518,ゴンドウトモヒコ,权藤知彦,translated,proper-noun,a262eab210,br=0 nl=0,15,
91519,フィラメント,灯丝,translated,proper-noun,a1a2c254d2,br=0 nl=0,15,
91520,コイツ,这家伙,translated,proper-noun,12120ab63e,br=0 nl=0,15,
91521,オリジナル,原创,translated,proper-noun,1bf1ff0410,br=0 nl=0,15,
91522,リーダー,队长,translated,proper-noun,2fa6e1dccb,br=0 nl=0,15,
91523,プライベート,私人,translated,proper-noun,e2a7c4ba18,br=0 nl=0,15,
91524,サポート,支援,translated,proper-noun,449c69d777,br=0 nl=0,15,
91525,シップ,飞船,translated,proper-noun,92f5579691,br=0 nl=0,15,
91526,ブロッコリー,西兰花,translated,proper-noun,bed0d9d62a,br=0 nl=0,15,
91527,ロマンチック,浪漫,translated,proper-noun,54bb2f3021,br=0 nl=0,15,
91528,ゴールデンウィーク,黄金周,translated,proper-noun,36cbc6b984,br=0 nl=0,15,
91529,フォーム,形态,translated,proper-noun,f90ebd6d03,br=0 nl=0,14,
91530,エピソード,篇章,translated,proper-noun,c55e82e928,br=0 nl=0,14,
91531,アイデア,点子,translated,proper-noun,73575c649a,br=0 nl=0,14,
91532,チューブカンパニー,管体公司,translated,proper-noun,c497c46392,br=0 nl=0,14,
91533,マスターレジストラ,主注册官,translated,proper-noun,26604a616a,br=0 nl=0,14,
91534,イチゴ,草莓,translated,proper-noun,1135db8368,br=0 nl=0,14,
91535,カメラ,相机,translated,proper-noun,fb6e4872b7,br=0 nl=0,14,
91536,ストロベリーセイル,草莓船,translated,proper-noun,a303e47a35,br=0 nl=0,14,
91537,ミソデココ,椰果味噌,translated,proper-noun,c78675af67,br=0 nl=0,14,
91538,ポイントカード,积分卡,translated,proper-noun,f77016e449,br=0 nl=0,14,
91539,コンデン,冷凝,translated,proper-noun,c1f106598f,br=0 nl=0,14,
91540,プログラマー,程序员,translated,proper-noun,00a1706077,br=0 nl=0,14,
91541,オフライン,离线,translated,proper-noun,d32cd8eb43,br=0 nl=0,14,
91542,ゴメン,抱歉,translated,proper-noun,541a2f62d9,br=0 nl=0,14,
91543,チュートリアル,教程,translated,proper-noun,fb3a3ef671,br=0 nl=0,14,
91544,クラス,级别,translated,proper-noun,8b27332ee0,br=0 nl=0,14,
91545,タイプライター,打字机,translated,proper-noun,6c25e8688f,br=0 nl=0,14,
91546,タータルカ,塔塔尔卡,translated,proper-noun,94304e4928,br=0 nl=0,14,
91547,ウインドウショッピング,逛街看橱窗,translated,proper-noun,6f1cd50e29,br=0 nl=0,14,
91548,マナー,礼仪,translated,proper-noun,9a459cea04,br=0 nl=0,14,
91549,オカッパ,齐耳短发,translated,proper-noun,1e752f79fb,br=0 nl=0,14,
91550,コスチューム,服装,translated,proper-noun,c6a5665f32,br=0 nl=0,13,
91551,クオリティ,品质,translated,proper-noun,9329abb4bf,br=0 nl=0,13,
91552,トップ,顶级,translated,proper-noun,5307be4b4d,br=0 nl=0,13,
91553,コミュニケーション,交流,translated,proper-noun,ed3a14b283,br=0 nl=0,13,
91554,ステータス,状态,translated,proper-noun,0a409cee23,br=0 nl=0,13,
91555,シンクロ,同步,translated,proper-noun,b075a321bc,br=0 nl=0,13,
91556,タワー,高塔,translated,proper-noun,5b7b361ba3,br=0 nl=0,13,
91557,ピアノ,钢琴,translated,proper-noun,64c0241201,br=0 nl=0,13,
91558,デコレーション,装饰,translated,proper-noun,7465a6161d,br=0 nl=0,13,
91559,シスター,修女,translated,proper-noun,d1b4e4f83b,br=0 nl=0,13,
91560,ストレス,压力,translated,proper-noun,056302b76f,br=0 nl=0,13,
91561,コップ,水杯,translated,proper-noun,d6a3164cd4,br=0 nl=0,13,
91562,シスターメギド,修女梅吉多,translated,proper-noun,d1a693d2e5,br=0 nl=0,13,
91563,シーズホワイト,种子白,translated,proper-noun,dd0c918bc1,br=0 nl=0,13,
91564,スチームメタル,蒸汽金属,translated,proper-noun,8d941f1eb3,br=0 nl=0,13,
91565,ディライトレンズ,悦目镜片,translated,proper-noun,60bc6aa28f,br=0 nl=0,13,
91566,ネリコポイントカード,妮莉库积分卡,translated,proper-noun,affe0ebdb4,br=0 nl=0,13,
91567,ヒューズ,保险丝,translated,proper-noun,61bb2a27a2,br=0 nl=0,13,
91568,フロストメタル,霜冻金属,translated,proper-noun,3774ce3fed,br=0 nl=0,13,
91569,ミュジル,缪汁,translated,proper-noun,ec1d7ab263,br=0 nl=0,13,
91570,フライパン,平底锅,translated,proper-noun,8c1616b49c,br=0 nl=0,13,
91571,プランナーズセクション,策划部门,translated,proper-noun,0d32843cb5,br=0 nl=0,13,
91572,キャラクターモデル,角色模型,translated,proper-noun,847a6758ec,br=0 nl=0,13,
91573,インターフェースデザイン,界面设计,translated,proper-noun,c1c661b0bb,br=0 nl=0,13,
91574,サウンドセクション,音效部门,translated,proper-noun,f692631407,br=0 nl=0,13,
91575,サウンドディレクター,音效总监,translated,proper-noun,87caf5e3c1,br=0 nl=0,13,
91576,デザイナー,设计师,translated,proper-noun,ed058a1ab0,br=0 nl=0,13,
91577,マーケティング,营销,translated,proper-noun,1039524fb1,br=0 nl=0,13,
91578,ソフトウェアマニュアル,软件手册,translated,proper-noun,9b5617111b,br=0 nl=0,13,
91579,キャラクターイラスト,角色插画,translated,proper-noun,8ffb0bbffd,br=0 nl=0,13,
91580,パッケージイラスト,包装插画,translated,proper-noun,11036680bc,br=0 nl=0,13,
91581,フブキ,吹雪,translated,proper-noun,40f5527db7,br=0 nl=0,13,
91582,ワールドデザイン,世界设定设计,translated,proper-noun,a0094128c7,br=0 nl=0,13,
91583,コスチュームデザイン,服装设计,translated,proper-noun,b483d19059,br=0 nl=0,13,
91584,ヤスヒロ,康弘,translated,proper-noun,9f6de2eec8,br=0 nl=0,13,
91585,タスクテロップ・,任务字幕・,translated,proper-noun,0cc4fdf5ee,br=0 nl=0,13,
91586,キャラデザイン,角色设计,translated,proper-noun,b81b238a3a,br=0 nl=0,13,
91587,シナリオ・,剧本・,translated,proper-noun,8e2f7f288b,br=0 nl=0,13,
91588,デザイン・モデリング・アニメーション,设计・建模・动画,translated,proper-noun,38967eaa41,br=0 nl=0,13,
91589,キャラクターモデリング,角色建模,translated,proper-noun,8148a92946,br=0 nl=0,13,
91590,ブレイブハーツ,Brave Hearts,translated,proper-noun,cca2dae60c,br=0 nl=0,13,
91591,シェルノサージュ・ゲームパート,Ciel nosurge游戏部分,translated,proper-noun,10b5e3746c,br=0 nl=0,13,
91592,ワールドイラスト,世界插画,translated,proper-noun,5cd301b8d2,br=0 nl=0,13,
91593,チーム・ティルドーン,Team TillDawn,translated,proper-noun,20dce76a53,br=0 nl=0,13,
91594,シナリオライターセクション,编剧部门,translated,proper-noun,a1348aacfb,br=0 nl=0,13,
91595,リードプログラマー,主程序员,translated,proper-noun,9229f02856,br=0 nl=0,13,
91596,モジュール,模块,translated,proper-noun,7f70a4d3ed,br=0 nl=0,13,
91597,プログラムサポート,程序支援,translated,proper-noun,26d10aad29,br=0 nl=0,13,
91598,ネットワークセクション,网络部门,translated,proper-noun,4e67a84cd1,br=0 nl=0,13,
91599,ウェブエンジニア,网页工程师,translated,proper-noun,6cb6815dad,br=0 nl=0,13,
91600,ウェブオペレーション,网页运维,translated,proper-noun,0299d42ed3,br=0 nl=0,13,
91601,モーション,动作,translated,proper-noun,52edcb822b,br=0 nl=0,13,
91602,アートディレクター,艺术总监,translated,proper-noun,c34e651c44,br=0 nl=0,13,
91603,メインアニメーター,主动画师,translated,proper-noun,4a9646d5bb,br=0 nl=0,13,
91604,イベントプログラム,事件程序,translated,proper-noun,45c20cb56a,br=0 nl=0,13,
91605,インターフェイスデザイン,界面设计,translated,proper-noun,8fe4dab4e8,br=0 nl=0,13,
91606,オープニングムービー,片头影像,translated,proper-noun,bddc00b466,br=0 nl=0,13,
91607,プロモーションムービー,宣传影像,translated,proper-noun,375c066366,br=0 nl=0,13,
91608,ジェノミライムービー,杰诺米莱伊影像,translated,proper-noun,f6e7d2fd93,br=0 nl=0,13,
91609,ミュージックディレクター,音乐总监,translated,proper-noun,d43c0fd3f4,br=0 nl=0,13,
91610,シタール,锡塔尔琴,translated,proper-noun,8f25ffe37e,br=0 nl=0,13,
91611,カンテレ,康特勒琴,translated,proper-noun,99e23b542c,br=0 nl=0,13,
91612,・キャスティング,・选角,translated,proper-noun,34a849dc40,br=0 nl=0,13,
91613,ミキサー,调音师,translated,proper-noun,61f92a39b5,br=0 nl=0,13,
91614,キャスティング,选角,translated,proper-noun,456285fda8,br=0 nl=0,13,
91615,ポイントピクチャーズ,Point Pictures,translated,proper-noun,00922c67ae,br=0 nl=0,13,
91616,プロダクション・アイジー,Production I.G,translated,proper-noun,a4c74884dc,br=0 nl=0,13,
91617,フォントワークス,Fontworks,translated,proper-noun,b4bbc044a6,br=0 nl=0,13,
91618,エグゼクティブプロデューサー,执行制作人,translated,proper-noun,5e38e342d6,br=0 nl=0,13,
91619,コーエーテクモゲームス,光荣特库摩游戏,translated,proper-noun,df33339544,br=0 nl=0,13,
91620,エレベーター,升降梯,translated,proper-noun,6bc049363d,br=0 nl=0,13,
91621,アドレス,地址,translated,proper-noun,9eb546815c,br=0 nl=0,13,
91622,パニック,恐慌,translated,proper-noun,c3902babca,br=0 nl=0,13,
91623,ワイヤレスシップ,无线导船,translated,proper-noun,3d7213b750,br=0 nl=0,13,
91624,アドバイス,建议,translated,proper-noun,2129038bf6,br=0 nl=0,13,
91625,ミステリー,悬疑,translated,proper-noun,7ccf486031,br=0 nl=0,13,
91626,シロップ,糖浆,translated,proper-noun,2a4ddd8740,br=0 nl=0,13,
91627,オッケー,好,translated,proper-noun,94af695c6f,br=0 nl=0,13,
91628,ルール,规则,translated,proper-noun,fafa32e8be,br=0 nl=0,12,
91629,リラックス,放松,translated,proper-noun,0d1d0ae682,br=0 nl=0,12,
91630,シチュエーション,情境,translated,proper-noun,c798f0fa16,br=0 nl=0,12,
91631,アイドル,偶像,translated,proper-noun,e675291623,br=0 nl=0,12,
91632,ジャンケン,猜拳,translated,proper-noun,edfd4fa87a,br=0 nl=0,12,
91633,ドラゴン,龙,translated,proper-noun,ba8c67df93,br=0 nl=0,12,
91634,ボーッ,发呆,translated,proper-noun,ff9ca079aa,br=0 nl=0,12,
91635,アナウンス,广播,translated,proper-noun,b5971b521c,br=0 nl=0,12,
91636,ニュース,新闻,translated,proper-noun,68cd1ffec8,br=0 nl=0,12,
91637,レート,比率,translated,proper-noun,bfb236f4c2,br=0 nl=0,12,
91638,フクー,福库,translated,proper-noun,7ae7e23f48,br=0 nl=0,12,
91639,センス,感觉,translated,proper-noun,8e5e7fe8b7,br=0 nl=0,12,
91640,エセンエリタス,艾森埃利塔斯,translated,proper-noun,c367ef50fd,br=0 nl=0,12,
91641,エビパン,虾面包,translated,proper-noun,b77dea9aa5,br=0 nl=0,12,
91642,カフェットエプロン,咖啡围裙,translated,proper-noun,a5075cf2fa,br=0 nl=0,12,
91643,カプセル,胶囊,translated,proper-noun,b0d9f2fa73,br=0 nl=0,12,
91644,グラビトン,引力子,translated,proper-noun,060f7dcc0c,br=0 nl=0,12,
91645,ステリエルクラス,斯特利埃尔级,translated,proper-noun,34db9902f4,br=0 nl=0,12,
91646,メディア,媒体,translated,proper-noun,4f48dbef74,br=0 nl=0,12,
91647,タップリ,充分,translated,proper-noun,59e8630667,br=0 nl=0,12,
91648,チョコレート,巧克力,translated,proper-noun,b9945947e5,br=0 nl=0,12,
91649,ドクトルコート,医生大褂,translated,proper-noun,ce3153753e,br=0 nl=0,12,
91650,ノエリア,诺艾莉亚,translated,proper-noun,5f54b4a47a,br=0 nl=0,12,
91651,ハーモニウム,簧风琴,translated,proper-noun,2e7e924818,br=0 nl=0,12,
91652,フォトン,光子,translated,proper-noun,ded68a9798,br=0 nl=0,12,
91653,ヴェルグリス,铜绿,translated,proper-noun,1d503d62b7,br=0 nl=0,12,
91654,マスタード,芥末,translated,proper-noun,3db5c9ddbf,br=0 nl=0,12,
91655,ランク,阶级,translated,proper-noun,e6724c7a35,br=0 nl=0,12,
91656,ミキシングスタジオ,混音工作室,translated,proper-noun,10e5c39a7e,br=0 nl=0,12,
91657,チーム,团队,translated,proper-noun,d873d27b1c,br=0 nl=0,12,
91658,スタイル,风格,translated,proper-noun,ccc33c6323,br=0 nl=0,12,
91659,フツー,普通,translated,proper-noun,32b81ce85c,br=0 nl=0,12,
91660,シェア,份额,translated,proper-noun,8ab527d6ab,br=0 nl=0,12,
91661,トラブル,麻烦,translated,proper-noun,6971c1eea2,br=0 nl=0,12,
91662,フラスク,烧瓶,translated,proper-noun,da4af96885,br=0 nl=0,12,
91663,エアポート,机场,translated,proper-noun,b593ea7f0a,br=0 nl=0,12,
